kind,run,trainer,game,net,seed,steps_cfg,steps_done,complete,final_return,batch,n_envs,n_steps,n_minibatches,unroll,vec_workers,vec_threads,double_buffer,worker_device,learner_gpus,precision,compiled,ddp,env_threads,mps,node,cfg_hash,path
run,natfix_bossfight_s1,impala,bossfight,nature,1,150000000,149127168,True,37.431,256,,,,64,12,5,True,"cuda:1,cuda:2,cuda:3",1,bf16,True,,,,,7c0f00aa,outputs/_natfix/natfix_bossfight_s1
run,natfix_bossfight_s2,impala,bossfight,nature,2,150000000,149143552,True,36.737,256,,,,64,12,5,True,"cuda:1,cuda:2,cuda:3",1,bf16,True,,,,,7c0f00aa,outputs/_natfix/natfix_bossfight_s2
run,natfix_chaser_s1,impala,chaser,nature,1,150000000,149356544,True,88.333,256,,,,64,12,5,True,"cuda:1,cuda:2,cuda:3",1,bf16,True,,,,,2857827f,outputs/_natfix/natfix_chaser_s1
run,natfix_chaser_s2,impala,chaser,nature,2,150000000,149389312,True,84.458,256,,,,64,12,5,True,"cuda:1,cuda:2,cuda:3",1,bf16,True,,,,,2857827f,outputs/_natfix/natfix_chaser_s2
run,natfix_leaper_s1,impala,leaper,nature,1,150000000,149143552,True,24.863,256,,,,64,12,5,True,"cuda:1,cuda:2,cuda:3",1,bf16,True,,,,,ee205bac,outputs/_natfix/natfix_leaper_s1
run,natfix_leaper_s2,impala,leaper,nature,2,150000000,149159936,True,22.577,256,,,,64,12,5,True,"cuda:1,cuda:2,cuda:3",1,bf16,True,,,,,ee205bac,outputs/_natfix/natfix_leaper_s2
run,natfix_ninja_s1,impala,ninja,nature,1,150000000,149127168,True,11.365,256,,,,64,12,5,True,"cuda:1,cuda:2,cuda:3",1,bf16,True,,,,,f82e4401,outputs/_natfix/natfix_ninja_s1
run,natfix_ninja_s2,impala,ninja,nature,2,150000000,149127168,True,11.441,256,,,,64,12,5,True,"cuda:1,cuda:2,cuda:3",1,bf16,True,,,,,f82e4401,outputs/_natfix/natfix_ninja_s2
run,natfix_starpilot_s1,impala,starpilot,nature,1,150000000,149225472,True,9.282,256,,,,64,12,5,True,"cuda:1,cuda:2,cuda:3",1,bf16,True,,,,,058af9ee,outputs/_natfix/natfix_starpilot_s1
run,natfix_starpilot_s2,impala,starpilot,nature,2,150000000,149159936,True,9.152,256,,,,64,12,5,True,"cuda:1,cuda:2,cuda:3",1,bf16,True,,,,,058af9ee,outputs/_natfix/natfix_starpilot_s2
run,_ppo_dbsmoke,ppo,breakout,nature,0,1500000,1499136,True,92.9,,192,128,8,,,,,,,fp32,False,,0,,,d6829e66,outputs/_ppo_dbsmoke
run,_ppo_ddp_ddp1_192,ppo,breakout,nature,0,8000000,7987200,True,94.475,,192,128,8,,,,,,,fp32,False,False,23,,,9cf7b355,outputs/_ppo_ddp_ddp1_192
run,_ppo_ddp_ddp1_192_mb8,ppo,breakout,nature,0,8000000,7987200,True,94.475,,192,128,8,,,,,,,fp32,False,False,23,,,9cf7b355,outputs/_ppo_ddp_ddp1_192_mb8
run,_ppo_ddp_ddp4_1536_mb64,ppo,breakout,nature,0,8000000,7864320,True,98.7,,1536,128,64,,,,,,,fp32,False,True,12,,,a6f2bf6c,outputs/_ppo_ddp_ddp4_1536_mb64
run,_ppo_ddp_ddp4_1536_mb64_bf,ppo,breakout,nature,0,8000000,7864320,True,90.7,,1536,128,64,,,,,,,bf16,False,True,12,,,7bd47552,outputs/_ppo_ddp_ddp4_1536_mb64_bf
run,_ppo_ddp_ddp4_192,ppo,breakout,nature,0,8000000,7987200,True,96.256,,192,128,8,,,,,,,fp32,False,True,23,,,c6211461,outputs/_ppo_ddp_ddp4_192
run,_ppo_ddp_ddp4_768,ppo,breakout,nature,0,8000000,7962624,True,93.267,,768,128,8,,,,,,,fp32,False,True,23,,,8fe70f14,outputs/_ppo_ddp_ddp4_768
run,_ppo_ddp_ddp4_768_mb32,ppo,breakout,nature,0,8000000,7962624,True,92.0,,768,128,32,,,,,,,fp32,False,True,12,,,aa6c55b1,outputs/_ppo_ddp_ddp4_768_mb32
run,_ppo_ddp_ddp4_768_mb32_bf,ppo,breakout,nature,0,8000000,7962624,True,98.4,,768,128,32,,,,,,,bf16,False,True,12,,,eddb508a,outputs/_ppo_ddp_ddp4_768_mb32_bf
run,_ppo_ddp_ddp4_768_t12,ppo,breakout,nature,0,8000000,7962624,True,93.267,,768,128,8,,,,,,,fp32,False,True,12,,,af8692db,outputs/_ppo_ddp_ddp4_768_t12
run,_ppo_env_baseline,ppo,breakout,nature,0,8000000,7987200,True,94.475,,192,128,8,,,,,,,fp32,False,,0,,,d764505d,outputs/_ppo_env_baseline
run,_ppo_env_ser_384_plain,ppo,breakout,nature,0,8000000,7962624,True,92.7,,384,128,8,,,,,,,fp32,False,,0,,,a0f14e40,outputs/_ppo_env_ser_384_plain
run,_ppo_env_ser_384_s128,ppo,breakout,nature,0,8000000,7962624,True,96.457,,384,128,4,,,,,,,bf16,False,,0,,,e607cb7f,outputs/_ppo_env_ser_384_s128
run,_ppo_env_ser_768_plain,ppo,breakout,nature,0,8000000,7962624,True,89.233,,768,128,8,,,,,,,fp32,False,,0,,,4bbbfc1f,outputs/_ppo_env_ser_768_plain
run,_ppo_env_ser_768_s128,ppo,breakout,nature,0,8000000,7962624,True,98.767,,768,128,4,,,,,,,bf16,False,,0,,,e4838fdd,outputs/_ppo_env_ser_768_s128
run,_ppo_icf_icnn_1g,ppo,breakout,impala,0,8000000,7987200,True,97.088,,192,128,8,,,,,,,fp32,False,False,23,,,1e179e11,outputs/_ppo_icf_icnn_1g
run,_ppo_icf_icnn_1g_bf,ppo,breakout,impala,0,8000000,7987200,True,95.181,,192,128,8,,,,,,,bf16,False,False,23,,,9e5feb8c,outputs/_ppo_icf_icnn_1g_bf
run,_ppo_icf_icnn_4g,ppo,breakout,impala,0,8000000,7962624,True,94.4,,768,128,32,,,,,,,fp32,False,True,12,,,39a1a912,outputs/_ppo_icf_icnn_4g
run,_ppo_icf_icnn_4g_bf,ppo,breakout,impala,0,8000000,7962624,True,95.767,,768,128,32,,,,,,,bf16,False,True,12,,,39d405be,outputs/_ppo_icf_icnn_4g_bf
run,_ppo_icf_nat_1g,ppo,breakout,nature,0,8000000,7987200,True,94.475,,192,128,8,,,,,,,fp32,False,False,23,,,9cf7b355,outputs/_ppo_icf_nat_1g
run,_ppo_icf_nat_4g,ppo,breakout,nature,0,8000000,7962624,True,92.0,,768,128,32,,,,,,,fp32,False,True,12,,,aa6c55b1,outputs/_ppo_icf_nat_4g
run,_ppo_icnn_icnn_1g,ppo,breakout,impala,0,6000000,5996544,True,97.708,,192,128,8,,,,,,,fp32,False,False,23,,,d5a823c2,outputs/_ppo_icnn_icnn_1g
run,_ppo_icnn_icnn_1g_bf,ppo,breakout,impala,0,6000000,5996544,True,91.817,,192,128,8,,,,,,,bf16,False,False,23,,,4323d171,outputs/_ppo_icnn_icnn_1g_bf
run,_ppo_icnn_icnn_4g,ppo,breakout,impala,0,6000000,5996544,True,91.25,,768,128,32,,,,,,,fp32,False,True,12,,,2deb7806,outputs/_ppo_icnn_icnn_4g
run,_ppo_icnn_icnn_4g_bf,ppo,breakout,impala,0,6000000,5996544,True,90.65,,768,128,32,,,,,,,bf16,False,True,12,,,f88f6c09,outputs/_ppo_icnn_icnn_4g_bf
run,_ppo_icnn_nat_1g,ppo,breakout,nature,0,6000000,5996544,True,95.65,,192,128,8,,,,,,,fp32,False,False,23,,,9495f687,outputs/_ppo_icnn_nat_1g
run,_ppo_icnn_nat_4g,ppo,breakout,nature,0,6000000,5996544,True,93.1,,768,128,32,,,,,,,fp32,False,True,12,,,e1743ac2,outputs/_ppo_icnn_nat_4g
run,_ppo_mm_baseline,ppo,breakout,nature,0,8000000,7987200,True,94.475,,192,128,8,,,,,,,fp32,False,,0,,,d764505d,outputs/_ppo_mm_baseline
run,_ppo_mm_e384_mb16_bf16,ppo,breakout,nature,0,8000000,7962624,True,96.371,,384,128,16,,,,,,,bf16,False,,0,,,65eadd4f,outputs/_ppo_mm_e384_mb16_bf16
run,_ppo_mm_e384_mb16_fp32,ppo,breakout,nature,0,8000000,7962624,True,94.757,,384,128,16,,,,,,,fp32,False,,0,,,3554a088,outputs/_ppo_mm_e384_mb16_fp32
run,_ppo_mm_e768_mb32_bf16,ppo,breakout,nature,0,8000000,7962624,True,93.967,,768,128,32,,,,,,,bf16,False,,0,,,66ad72b2,outputs/_ppo_mm_e768_mb32_bf16
run,_ppo_mm_e768_mb32_fp32,ppo,breakout,nature,0,8000000,7962624,True,94.8,,768,128,32,,,,,,,fp32,False,,0,,,95e47e8a,outputs/_ppo_mm_e768_mb32_fp32
run,_ppo_ph_dbuf,ppo,breakout,nature,0,4000000,3981312,True,90.686,,192,128,8,,,,,,,fp32,False,,0,,,bb985f44,outputs/_ppo_ph_dbuf
run,_ppo_ph_dbuf_e384,ppo,breakout,nature,0,4000000,3981312,True,96.886,,384,64,4,,,,,,,bf16,False,,0,,,9cc0f367,outputs/_ppo_ph_dbuf_e384
run,_ppo_ph_serial,ppo,breakout,nature,0,4000000,3981312,True,97.971,,192,128,8,,,,,,,fp32,False,,0,,,9c23fee7,outputs/_ppo_ph_serial
run,_ppo_pilot_baseline,ppo,caveflyer,nature,0,4000000,3981312,True,3.976,,192,128,8,,,,,,,fp32,False,,0,,,7ebd529c,outputs/_ppo_pilot_baseline
run,_ppo_pilot_bf16_compile,ppo,caveflyer,nature,0,4000000,3981312,True,3.964,,192,128,8,,,,,,,bf16,True,,0,,,608881b0,outputs/_ppo_pilot_bf16_compile
run,_ppo_pilot_compile,ppo,caveflyer,nature,0,4000000,3981312,True,3.721,,192,128,8,,,,,,,fp32,True,,0,,,71d13412,outputs/_ppo_pilot_compile
run,_ppo_s12_base,ppo,breakout,nature,0,8000000,7987200,True,94.475,,192,128,8,,,,,,,fp32,False,,0,,,cc3ce0c8,outputs/_ppo_s12_base
run,_ppo_s12_bf16,ppo,breakout,nature,0,8000000,7987200,True,98.45,,192,128,8,,,,,,,bf16,False,,0,,,1fd9ac14,outputs/_ppo_s12_bf16
run,_ppo_s12_bf16_mb4,ppo,breakout,nature,0,8000000,7987200,True,95.894,,192,128,4,,,,,,,bf16,False,,0,,,2e9ebf88,outputs/_ppo_s12_bf16_mb4
run,_ppo_s12_mb4,ppo,breakout,nature,0,8000000,7987200,True,94.812,,192,128,4,,,,,,,fp32,False,,0,,,bffac5ac,outputs/_ppo_s12_mb4
run,_ppo_s45_dbuf,ppo,breakout,nature,0,8000000,7987200,True,94.912,,192,128,8,,,,,,,fp32,False,,0,,,9d7b375b,outputs/_ppo_s45_dbuf
run,_ppo_s45_dbuf_e384,ppo,breakout,nature,0,8000000,7987200,True,100.047,,384,64,4,,,,,,,bf16,False,,0,,,7c0cd6bf,outputs/_ppo_s45_dbuf_e384
run,_ppo_s45_dbuf_e384s,ppo,breakout,nature,0,8000000,7962624,True,94.643,,384,128,4,,,,,,,bf16,False,,0,,,0040b51b,outputs/_ppo_s45_dbuf_e384s
run,_ppo_s45_dbuf_free,ppo,breakout,nature,0,8000000,7987200,True,94.331,,192,128,4,,,,,,,bf16,False,,0,,,7a2246cd,outputs/_ppo_s45_dbuf_free
run,_ppo_s45_ser_e384,ppo,breakout,nature,0,8000000,7987200,True,94.247,,384,64,4,,,,,,,bf16,False,,0,,,a200ff1a,outputs/_ppo_s45_ser_e384
run,_ppo_s45_serial,ppo,breakout,nature,0,8000000,7987200,True,94.475,,192,128,8,,,,,,,fp32,False,,0,,,2683a703,outputs/_ppo_s45_serial
run,rr_impala_asteroids_s0,impala,asteroids,nature,0,100000000,99942400,True,725.4,256,,,,64,12,5,True,"cuda:2,cuda:3",2,bf16,True,,,,,76ccb5b3,outputs/_rerun/rr_impala_asteroids_s0
run,rr_impala_asteroids_s1,impala,asteroids,nature,1,100000000,99942400,True,705.185,256,,,,64,12,5,True,"cuda:2,cuda:3",2,bf16,True,,,,,76ccb5b3,outputs/_rerun/rr_impala_asteroids_s1
run,rr_impala_asteroids_s2,impala,asteroids,nature,2,100000000,99942400,True,694.354,256,,,,64,12,5,True,"cuda:2,cuda:3",2,bf16,True,,,,,76ccb5b3,outputs/_rerun/rr_impala_asteroids_s2
run,rr_impala_breakout_s0,impala,breakout,nature,0,100000000,99942400,True,259.191,256,,,,64,12,5,True,"cuda:2,cuda:3",2,bf16,True,,,,,cbb6eab2,outputs/_rerun/rr_impala_breakout_s0
run,rr_impala_breakout_s1,impala,breakout,nature,1,100000000,99942400,True,261.86,256,,,,64,12,5,True,"cuda:2,cuda:3",2,bf16,True,,,,,cbb6eab2,outputs/_rerun/rr_impala_breakout_s1
run,rr_impala_breakout_s2,impala,breakout,nature,2,100000000,99942400,True,233.436,256,,,,64,12,5,True,"cuda:2,cuda:3",2,bf16,True,,,,,cbb6eab2,outputs/_rerun/rr_impala_breakout_s2
run,rr_impala_caveflyer_s0,impala,caveflyer,nature,0,100000000,99942400,True,3.203,256,,,,64,12,5,True,"cuda:2,cuda:3",2,bf16,True,,,,,7ddf27a6,outputs/_rerun/rr_impala_caveflyer_s0
run,rr_impala_caveflyer_s1,impala,caveflyer,nature,1,100000000,99942400,True,2.917,256,,,,64,12,5,True,"cuda:2,cuda:3",2,bf16,True,,,,,7ddf27a6,outputs/_rerun/rr_impala_caveflyer_s1
run,rr_impala_caveflyer_s2,impala,caveflyer,nature,2,100000000,99942400,True,2.91,256,,,,64,12,5,True,"cuda:2,cuda:3",2,bf16,True,,,,,7ddf27a6,outputs/_rerun/rr_impala_caveflyer_s2
run,rr_impala_coinrun_s0,impala,coinrun,nature,0,100000000,99942400,True,46.042,256,,,,64,12,5,True,"cuda:2,cuda:3",2,bf16,True,,,,,c8126676,outputs/_rerun/rr_impala_coinrun_s0
run,rr_impala_coinrun_s1,impala,coinrun,nature,1,100000000,99942400,True,39.781,256,,,,64,12,5,True,"cuda:2,cuda:3",2,bf16,True,,,,,c8126676,outputs/_rerun/rr_impala_coinrun_s1
run,rr_impala_coinrun_s2,impala,coinrun,nature,2,100000000,99942400,True,69.388,256,,,,64,12,5,True,"cuda:2,cuda:3",2,bf16,True,,,,,c8126676,outputs/_rerun/rr_impala_coinrun_s2
run,rr_impala_flappy_bird_s0,impala,flappy_bird,nature,0,100000000,99942400,True,0.0,256,,,,64,12,5,True,"cuda:2,cuda:3",2,bf16,True,,,,,16d47f6b,outputs/_rerun/rr_impala_flappy_bird_s0
run,rr_impala_flappy_bird_s1,impala,flappy_bird,nature,1,100000000,99942400,True,0.0,256,,,,64,12,5,True,"cuda:2,cuda:3",2,bf16,True,,,,,16d47f6b,outputs/_rerun/rr_impala_flappy_bird_s1
run,rr_impala_flappy_bird_s2,impala,flappy_bird,nature,2,100000000,99942400,True,0.0,256,,,,64,12,5,True,"cuda:2,cuda:3",2,bf16,True,,,,,16d47f6b,outputs/_rerun/rr_impala_flappy_bird_s2
run,rr_impala_plunder_s0,impala,plunder,nature,0,100000000,99942400,True,4.866,256,,,,64,12,5,True,"cuda:2,cuda:3",2,bf16,True,,,,,f812943f,outputs/_rerun/rr_impala_plunder_s0
run,rr_impala_plunder_s1,impala,plunder,nature,1,100000000,99942400,True,4.753,256,,,,64,12,5,True,"cuda:2,cuda:3",2,bf16,True,,,,,f812943f,outputs/_rerun/rr_impala_plunder_s1
run,rr_impala_plunder_s2,impala,plunder,nature,2,100000000,99942400,True,4.811,256,,,,64,12,5,True,"cuda:2,cuda:3",2,bf16,True,,,,,f812943f,outputs/_rerun/rr_impala_plunder_s2
run,rr_impala_seaquest_s0,impala,seaquest,nature,0,100000000,99942400,True,263.355,256,,,,64,12,5,True,"cuda:2,cuda:3",2,bf16,True,,,,,55296ed1,outputs/_rerun/rr_impala_seaquest_s0
run,rr_impala_seaquest_s1,impala,seaquest,nature,1,100000000,99942400,True,287.834,256,,,,64,12,5,True,"cuda:2,cuda:3",2,bf16,True,,,,,55296ed1,outputs/_rerun/rr_impala_seaquest_s1
run,rr_impala_seaquest_s2,impala,seaquest,nature,2,100000000,99942400,True,271.345,256,,,,64,12,5,True,"cuda:2,cuda:3",2,bf16,True,,,,,55296ed1,outputs/_rerun/rr_impala_seaquest_s2
run,rr_impala_vvvvvv_s0,impala,vvvvvv,nature,0,100000000,99942400,True,95.407,256,,,,64,12,5,True,"cuda:2,cuda:3",2,bf16,True,,,,,ca42b4db,outputs/_rerun/rr_impala_vvvvvv_s0
run,rr_impala_vvvvvv_s1,impala,vvvvvv,nature,1,100000000,99942400,True,94.746,256,,,,64,12,5,True,"cuda:2,cuda:3",2,bf16,True,,,,,ca42b4db,outputs/_rerun/rr_impala_vvvvvv_s1
run,rr_impala_vvvvvv_s2,impala,vvvvvv,nature,2,100000000,99942400,True,94.831,256,,,,64,12,5,True,"cuda:2,cuda:3",2,bf16,True,,,,,ca42b4db,outputs/_rerun/rr_impala_vvvvvv_s2
run,rr_impalacnn_asteroids_s0,impala,asteroids,impala,0,100000000,99942400,True,1141.035,256,,,,64,12,5,True,"cuda:2,cuda:3",2,bf16,True,,,,,2c4a3d26,outputs/_rerun/rr_impalacnn_asteroids_s0
run,rr_impalacnn_asteroids_s1,impala,asteroids,impala,1,100000000,99942400,True,1123.562,256,,,,64,12,5,True,"cuda:2,cuda:3",2,bf16,True,,,,,2c4a3d26,outputs/_rerun/rr_impalacnn_asteroids_s1
run,rr_impalacnn_asteroids_s2,impala,asteroids,impala,2,100000000,99942400,True,1168.661,256,,,,64,12,5,True,"cuda:2,cuda:3",2,bf16,True,,,,,2c4a3d26,outputs/_rerun/rr_impalacnn_asteroids_s2
run,rr_impalacnn_breakout_s0,impala,breakout,impala,0,100000000,99942400,True,166.67,256,,,,64,12,5,True,"cuda:2,cuda:3",2,bf16,True,,,,,18850923,outputs/_rerun/rr_impalacnn_breakout_s0
run,rr_impalacnn_breakout_s1,impala,breakout,impala,1,100000000,99942400,True,120.061,256,,,,64,12,5,True,"cuda:2,cuda:3",2,bf16,True,,,,,18850923,outputs/_rerun/rr_impalacnn_breakout_s1
run,rr_impalacnn_breakout_s2,impala,breakout,impala,2,100000000,99942400,True,195.835,256,,,,64,12,5,True,"cuda:2,cuda:3",2,bf16,True,,,,,18850923,outputs/_rerun/rr_impalacnn_breakout_s2
run,rr_impalacnn_caveflyer_s0,impala,caveflyer,impala,0,100000000,99942400,True,3.857,256,,,,64,12,5,True,"cuda:2,cuda:3",2,bf16,True,,,,,0d003006,outputs/_rerun/rr_impalacnn_caveflyer_s0
run,rr_impalacnn_caveflyer_s1,impala,caveflyer,impala,1,100000000,99942400,True,3.954,256,,,,64,12,5,True,"cuda:2,cuda:3",2,bf16,True,,,,,0d003006,outputs/_rerun/rr_impalacnn_caveflyer_s1
run,rr_impalacnn_caveflyer_s2,impala,caveflyer,impala,2,100000000,99942400,True,3.837,256,,,,64,12,5,True,"cuda:2,cuda:3",2,bf16,True,,,,,0d003006,outputs/_rerun/rr_impalacnn_caveflyer_s2
run,rr_impalacnn_coinrun_s0,impala,coinrun,impala,0,100000000,99942400,True,138.308,256,,,,64,12,5,True,"cuda:2,cuda:3",2,bf16,True,,,,,b0dff1c8,outputs/_rerun/rr_impalacnn_coinrun_s0
run,rr_impalacnn_coinrun_s1,impala,coinrun,impala,1,100000000,99942400,True,124.656,256,,,,64,12,5,True,"cuda:2,cuda:3",2,bf16,True,,,,,b0dff1c8,outputs/_rerun/rr_impalacnn_coinrun_s1
run,rr_impalacnn_coinrun_s2,impala,coinrun,impala,2,100000000,99942400,True,126.046,256,,,,64,12,5,True,"cuda:2,cuda:3",2,bf16,True,,,,,b0dff1c8,outputs/_rerun/rr_impalacnn_coinrun_s2
run,rr_impalacnn_flappy_bird_s0,impala,flappy_bird,impala,0,100000000,99942400,True,0.0,256,,,,64,12,5,True,"cuda:2,cuda:3",2,bf16,True,,,,,53626fba,outputs/_rerun/rr_impalacnn_flappy_bird_s0
run,rr_impalacnn_flappy_bird_s1,impala,flappy_bird,impala,1,100000000,99942400,True,0.0,256,,,,64,12,5,True,"cuda:2,cuda:3",2,bf16,True,,,,,53626fba,outputs/_rerun/rr_impalacnn_flappy_bird_s1
run,rr_impalacnn_flappy_bird_s2,impala,flappy_bird,impala,2,100000000,99942400,True,0.0,256,,,,64,12,5,True,"cuda:2,cuda:3",2,bf16,True,,,,,53626fba,outputs/_rerun/rr_impalacnn_flappy_bird_s2
run,rr_impalacnn_plunder_s0,impala,plunder,impala,0,100000000,99942400,True,5.025,256,,,,64,12,5,True,"cuda:2,cuda:3",2,bf16,True,,,,,a94b8428,outputs/_rerun/rr_impalacnn_plunder_s0
run,rr_impalacnn_plunder_s1,impala,plunder,impala,1,100000000,99942400,True,5.051,256,,,,64,12,5,True,"cuda:2,cuda:3",2,bf16,True,,,,,a94b8428,outputs/_rerun/rr_impalacnn_plunder_s1
run,rr_impalacnn_plunder_s2,impala,plunder,impala,2,100000000,99942400,True,4.967,256,,,,64,12,5,True,"cuda:2,cuda:3",2,bf16,True,,,,,a94b8428,outputs/_rerun/rr_impalacnn_plunder_s2
run,rr_impalacnn_seaquest_s0,impala,seaquest,impala,0,100000000,99942400,True,533.106,256,,,,64,12,5,True,"cuda:2,cuda:3",2,bf16,True,,,,,1b7f8243,outputs/_rerun/rr_impalacnn_seaquest_s0
run,rr_impalacnn_seaquest_s1,impala,seaquest,impala,1,100000000,99942400,True,533.949,256,,,,64,12,5,True,"cuda:2,cuda:3",2,bf16,True,,,,,1b7f8243,outputs/_rerun/rr_impalacnn_seaquest_s1
run,rr_impalacnn_seaquest_s2,impala,seaquest,impala,2,100000000,99942400,True,516.627,256,,,,64,12,5,True,"cuda:2,cuda:3",2,bf16,True,,,,,1b7f8243,outputs/_rerun/rr_impalacnn_seaquest_s2
run,rr_impalacnn_vvvvvv_s0,impala,vvvvvv,impala,0,100000000,99942400,True,372.22,256,,,,64,12,5,True,"cuda:2,cuda:3",2,bf16,True,,,,,516ebaf1,outputs/_rerun/rr_impalacnn_vvvvvv_s0
run,rr_impalacnn_vvvvvv_s1,impala,vvvvvv,impala,1,100000000,99942400,True,329.424,256,,,,64,12,5,True,"cuda:2,cuda:3",2,bf16,True,,,,,516ebaf1,outputs/_rerun/rr_impalacnn_vvvvvv_s1
run,rr_impalacnn_vvvvvv_s2,impala,vvvvvv,impala,2,100000000,99942400,True,369.71,256,,,,64,12,5,True,"cuda:2,cuda:3",2,bf16,True,,,,,516ebaf1,outputs/_rerun/rr_impalacnn_vvvvvv_s2
run,rr_ppo_asteroids_s0,ppo,asteroids,nature,0,100000000,99999744,True,436.642,,192,128,8,,,,,,,fp32,False,,0,,,3acc163e,outputs/_rerun/rr_ppo_asteroids_s0
run,rr_ppo_asteroids_s1,ppo,asteroids,nature,1,100000000,99999744,True,807.883,,192,128,8,,,,,,,fp32,False,,0,,,3acc163e,outputs/_rerun/rr_ppo_asteroids_s1
run,rr_ppo_asteroids_s2,ppo,asteroids,nature,2,100000000,99999744,True,806.32,,192,128,8,,,,,,,fp32,False,,0,,,3acc163e,outputs/_rerun/rr_ppo_asteroids_s2
run,rr_ppo_breakout_s0,ppo,breakout,nature,0,100000000,99999744,True,209.05,,192,128,8,,,,,,,fp32,False,,0,,,edd3f25f,outputs/_rerun/rr_ppo_breakout_s0
run,rr_ppo_breakout_s1,ppo,breakout,nature,1,100000000,99999744,True,262.738,,192,128,8,,,,,,,fp32,False,,0,,,edd3f25f,outputs/_rerun/rr_ppo_breakout_s1
run,rr_ppo_breakout_s2,ppo,breakout,nature,2,100000000,99999744,True,263.098,,192,128,8,,,,,,,fp32,False,,0,,,edd3f25f,outputs/_rerun/rr_ppo_breakout_s2
run,rr_ppo_caveflyer_s0,ppo,caveflyer,nature,0,100000000,99999744,True,3.819,,192,128,8,,,,,,,fp32,False,,0,,,a4d053f0,outputs/_rerun/rr_ppo_caveflyer_s0
run,rr_ppo_caveflyer_s1,ppo,caveflyer,nature,1,100000000,99999744,True,3.681,,192,128,8,,,,,,,fp32,False,,0,,,a4d053f0,outputs/_rerun/rr_ppo_caveflyer_s1
run,rr_ppo_caveflyer_s2,ppo,caveflyer,nature,2,100000000,99999744,True,3.606,,192,128,8,,,,,,,fp32,False,,0,,,a4d053f0,outputs/_rerun/rr_ppo_caveflyer_s2
run,rr_ppo_coinrun_s0,ppo,coinrun,nature,0,100000000,99999744,True,41.51,,192,128,8,,,,,,,fp32,False,,0,,,f7f334cb,outputs/_rerun/rr_ppo_coinrun_s0
run,rr_ppo_coinrun_s1,ppo,coinrun,nature,1,100000000,99999744,True,49.336,,192,128,8,,,,,,,fp32,False,,0,,,f7f334cb,outputs/_rerun/rr_ppo_coinrun_s1
run,rr_ppo_coinrun_s2,ppo,coinrun,nature,2,100000000,99999744,True,31.973,,192,128,8,,,,,,,fp32,False,,0,,,f7f334cb,outputs/_rerun/rr_ppo_coinrun_s2
run,rr_ppo_flappy_bird_s0,ppo,flappy_bird,nature,0,100000000,99999744,True,27.856,,192,128,8,,,,,,,fp32,False,,0,,,8d916355,outputs/_rerun/rr_ppo_flappy_bird_s0
run,rr_ppo_flappy_bird_s1,ppo,flappy_bird,nature,1,100000000,99999744,True,27.825,,192,128,8,,,,,,,fp32,False,,0,,,8d916355,outputs/_rerun/rr_ppo_flappy_bird_s1
run,rr_ppo_flappy_bird_s2,ppo,flappy_bird,nature,2,100000000,99999744,True,27.904,,192,128,8,,,,,,,fp32,False,,0,,,8d916355,outputs/_rerun/rr_ppo_flappy_bird_s2
run,rr_ppo_plunder_s0,ppo,plunder,nature,0,100000000,99999744,True,6.243,,192,128,8,,,,,,,fp32,False,,0,,,dac28e74,outputs/_rerun/rr_ppo_plunder_s0
run,rr_ppo_plunder_s1,ppo,plunder,nature,1,100000000,99999744,True,7.016,,192,128,8,,,,,,,fp32,False,,0,,,dac28e74,outputs/_rerun/rr_ppo_plunder_s1
run,rr_ppo_plunder_s2,ppo,plunder,nature,2,100000000,99999744,True,5.648,,192,128,8,,,,,,,fp32,False,,0,,,dac28e74,outputs/_rerun/rr_ppo_plunder_s2
run,rr_ppo_seaquest_s0,ppo,seaquest,nature,0,100000000,99999744,True,269.869,,192,128,8,,,,,,,fp32,False,,0,,,de8e5274,outputs/_rerun/rr_ppo_seaquest_s0
run,rr_ppo_seaquest_s1,ppo,seaquest,nature,1,100000000,99999744,True,305.726,,192,128,8,,,,,,,fp32,False,,0,,,de8e5274,outputs/_rerun/rr_ppo_seaquest_s1
run,rr_ppo_seaquest_s2,ppo,seaquest,nature,2,100000000,99999744,True,397.012,,192,128,8,,,,,,,fp32,False,,0,,,de8e5274,outputs/_rerun/rr_ppo_seaquest_s2
run,rr_ppo_vvvvvv_s0,ppo,vvvvvv,nature,0,100000000,99999744,True,131.897,,192,128,8,,,,,,,fp32,False,,0,,,d329c834,outputs/_rerun/rr_ppo_vvvvvv_s0
run,rr_ppo_vvvvvv_s1,ppo,vvvvvv,nature,1,100000000,99999744,True,554.483,,192,128,8,,,,,,,fp32,False,,0,,,d329c834,outputs/_rerun/rr_ppo_vvvvvv_s1
run,rr_ppo_vvvvvv_s2,ppo,vvvvvv,nature,2,100000000,99999744,True,302.195,,192,128,8,,,,,,,fp32,False,,0,,,d329c834,outputs/_rerun/rr_ppo_vvvvvv_s2
run,asteroids,impala,asteroids,impala,0,1000000000000,42598400,False,964.542,256,,,,64,15,5,True,"cuda:1,cuda:2,cuda:3",1,bf16,True,,,,,3d1d3132,outputs/bench_train_suite/asteroids
run,bigfish,impala,bigfish,impala,0,1000000000000,75366400,False,12.153,256,,,,64,12,5,True,"cuda:2,cuda:3",2,bf16,True,,,,,57c8c5b0,outputs/bench_train_suite/bigfish
run,bossfight,impala,bossfight,impala,0,1000000000000,75366400,False,36.901,256,,,,64,12,5,True,"cuda:2,cuda:3",2,bf16,True,,,,,dd6087be,outputs/bench_train_suite/bossfight
run,breakout,impala,breakout,impala,0,1000000000000,42598400,False,223.024,256,,,,64,15,5,True,"cuda:1,cuda:2,cuda:3",1,bf16,True,,,,,24141c15,outputs/bench_train_suite/breakout
run,caveflyer,impala,caveflyer,impala,0,1000000000000,42598400,False,3.587,256,,,,64,15,5,True,"cuda:1,cuda:2,cuda:3",1,bf16,True,,,,,cb3af67c,outputs/bench_train_suite/caveflyer
run,chaser,impala,chaser,impala,0,1000000000000,42598400,False,95.719,256,,,,64,15,5,True,"cuda:1,cuda:2,cuda:3",1,bf16,True,,,,,70e77643,outputs/bench_train_suite/chaser
run,climber,impala,climber,impala,0,1000000000000,42598400,False,-1.785,256,,,,64,15,5,True,"cuda:1,cuda:2,cuda:3",1,bf16,True,,,,,207bf741,outputs/bench_train_suite/climber
run,coinrun,impala,coinrun,impala,0,1000000000000,42598400,False,118.092,256,,,,64,15,5,True,"cuda:1,cuda:2,cuda:3",1,bf16,True,,,,,0980b4cb,outputs/bench_train_suite/coinrun
run,dodgeball,impala,dodgeball,impala,0,1000000000000,42598400,False,0.798,256,,,,64,15,5,True,"cuda:1,cuda:2,cuda:3",1,bf16,True,,,,,3b2eb084,outputs/bench_train_suite/dodgeball
run,freeway,impala,freeway,impala,0,1000000000000,42614784,False,0.0,256,,,,64,15,5,True,"cuda:1,cuda:2,cuda:3",1,bf16,True,,,,,b93bfefd,outputs/bench_train_suite/freeway
run,frostbite,impala,frostbite,impala,0,1000000000000,41009152,False,246.243,256,,,,64,15,5,True,"cuda:1,cuda:2,cuda:3",1,bf16,True,,,,,ffcf8893,outputs/bench_train_suite/frostbite
run,fruitbot,impala,fruitbot,impala,0,1000000000000,40976384,False,5.596,256,,,,64,15,5,True,"cuda:1,cuda:2,cuda:3",1,bf16,True,,,,,268c57fd,outputs/bench_train_suite/fruitbot
run,heist,impala,heist,impala,0,1000000000000,42598400,False,44.436,256,,,,64,15,5,True,"cuda:1,cuda:2,cuda:3",1,bf16,True,,,,,925c13c1,outputs/bench_train_suite/heist
run,jumper,impala,jumper,impala,0,1000000000000,42598400,False,4.948,256,,,,64,15,5,True,"cuda:1,cuda:2,cuda:3",1,bf16,True,,,,,988a5340,outputs/bench_train_suite/jumper
run,leaper,impala,leaper,impala,0,1000000000000,42598400,False,15.46,256,,,,64,15,5,True,"cuda:1,cuda:2,cuda:3",1,bf16,True,,,,,8a764863,outputs/bench_train_suite/leaper
run,maze,impala,maze,impala,0,1000000000000,31145984,False,0.0,256,,,,64,15,5,True,"cuda:1,cuda:2,cuda:3",1,bf16,True,,,,,5127c2f1,outputs/bench_train_suite/maze
run,miner,impala,miner,impala,0,1000000000000,42598400,False,8.332,256,,,,64,15,5,True,"cuda:1,cuda:2,cuda:3",1,bf16,True,,,,,505a7102,outputs/bench_train_suite/miner
run,ninja,impala,ninja,impala,0,1000000000000,75366400,False,11.332,256,,,,64,12,5,True,"cuda:2,cuda:3",2,bf16,True,,,,,65b4f4de,outputs/bench_train_suite/ninja
run,plunder,impala,plunder,nature,0,1000000000000,0,False,,256,,,,64,12,5,True,"cuda:2,cuda:3",2,bf16,True,,,,,5becb4c1,outputs/bench_train_suite/plunder
run,pong,impala,pong,impala,0,1000000000000,77004800,False,78.022,256,,,,64,12,5,True,"cuda:2,cuda:3",2,bf16,True,,,,,2b7aecd8,outputs/bench_train_suite/pong
run,qbert,impala,qbert,impala,0,1000000000000,40976384,False,287.584,256,,,,64,15,5,True,"cuda:1,cuda:2,cuda:3",1,bf16,True,,,,,9dbde485,outputs/bench_train_suite/qbert
run,seaquest,impala,seaquest,impala,0,1000000000000,40976384,False,464.795,256,,,,64,15,5,True,"cuda:1,cuda:2,cuda:3",1,bf16,True,,,,,0428bdf5,outputs/bench_train_suite/seaquest
run,space_invaders,impala,space_invaders,impala,0,1000000000000,40976384,False,390.341,256,,,,64,15,5,True,"cuda:1,cuda:2,cuda:3",1,bf16,True,,,,,4144153c,outputs/bench_train_suite/space_invaders
run,starpilot,impala,starpilot,impala,0,1000000000000,75366400,False,14.479,256,,,,64,12,5,True,"cuda:2,cuda:3",2,bf16,True,,,,,ccdaefc4,outputs/bench_train_suite/starpilot
run,impala_34450737,impala,bigfish,nature,0,60000000,0,False,,128,,,,64,8,4,True,cuda:1,,bf16,True,,,,,9e5989a6,outputs/impala_34450737
run,impala_34452920,impala,bigfish,nature,0,60000000,60014592,True,9.431,128,,,,64,8,4,True,cuda:1,,bf16,True,,,,,3d6182ba,outputs/impala_34452920
run,impala_34459362,impala,bigfish,nature,0,200000000,199925760,True,18.841,128,,,,64,15,5,True,"cuda:1,cuda:2,cuda:3",,bf16,True,,,,,de7c07c1,outputs/impala_34459362
run,impala_34580389,impala,bigfish,nature,0,150000000,149553152,True,16.556,128,,,,64,15,5,True,"cuda:1,cuda:2,cuda:3",,bf16,True,,,,,2da824c2,outputs/impala_34580389
run,impala_34580390,impala,bigfish,nature,0,150000000,149602304,True,17.149,128,,,,64,15,5,True,"cuda:1,cuda:2,cuda:3",,bf16,True,,,,,2da824c2,outputs/impala_34580390
run,impala_34580391,impala,bigfish,nature,0,150000000,149553152,True,17.67,128,,,,64,15,5,True,"cuda:1,cuda:2,cuda:3",,bf16,True,,,,,2da824c2,outputs/impala_34580391
run,impala_34582587,impala,plunder,nature,0,120000000,119881728,True,4.977,128,,,,64,15,5,True,"cuda:1,cuda:2,cuda:3",,bf16,True,,,,,c8dcd5ba,outputs/impala_34582587
run,impala_34584329,impala,bossfight,nature,0,110000000,109461504,True,39.059,128,,,,64,15,5,True,"cuda:1,cuda:2,cuda:3",,bf16,True,,,,,3676e2de,outputs/impala_34584329
run,impala_34584350,impala,ninja,nature,0,110000000,109912064,True,11.404,128,,,,64,15,5,True,"cuda:1,cuda:2,cuda:3",,bf16,True,,,,,64c94b3c,outputs/impala_34584350
run,impala_34584351,impala,starpilot,nature,0,110000000,109936640,True,9.195,128,,,,64,15,5,True,"cuda:1,cuda:2,cuda:3",,bf16,True,,,,,4b46d418,outputs/impala_34584351
run,impala_34584352,impala,leaper,nature,0,110000000,109445120,True,24.817,128,,,,64,15,5,True,"cuda:1,cuda:2,cuda:3",,bf16,True,,,,,0c83c820,outputs/impala_34584352
run,impala_34584381,impala,heist,nature,0,110000000,109772800,True,21.258,128,,,,64,15,5,True,"cuda:1,cuda:2,cuda:3",,bf16,True,,,,,5b7daeb8,outputs/impala_34584381
run,impala_34584394,impala,dodgeball,nature,0,110000000,110002176,True,0.738,128,,,,64,15,5,True,"cuda:1,cuda:2,cuda:3",,bf16,True,,,,,ca77edfd,outputs/impala_34584394
run,impala_34584395,impala,jumper,nature,0,110000000,109993984,True,4.881,128,,,,64,15,5,True,"cuda:1,cuda:2,cuda:3",,bf16,True,,,,,7847d074,outputs/impala_34584395
run,impala_34584396,impala,maze,nature,0,110000000,109035520,True,0.0,128,,,,64,15,5,True,"cuda:1,cuda:2,cuda:3",,bf16,True,,,,,c8742db0,outputs/impala_34584396
run,impala_34584397,impala,caveflyer,nature,0,110000000,109502464,True,3.081,128,,,,64,15,5,True,"cuda:1,cuda:2,cuda:3",,bf16,True,,,,,6135a321,outputs/impala_34584397
run,impala_34584398,impala,chaser,nature,0,110000000,109371392,True,81.992,128,,,,64,15,5,True,"cuda:1,cuda:2,cuda:3",,bf16,True,,,,,8a054642,outputs/impala_34584398
run,impala_34584399,impala,climber,nature,0,110000000,109977600,True,0.074,128,,,,64,15,5,True,"cuda:1,cuda:2,cuda:3",,bf16,True,,,,,1fbc2021,outputs/impala_34584399
run,impala_34584400,impala,fruitbot,nature,0,110000000,109404160,True,6.163,128,,,,64,15,5,True,"cuda:1,cuda:2,cuda:3",,bf16,True,,,,,a75e8a30,outputs/impala_34584400
run,impala_34584401,impala,coinrun,nature,0,110000000,109993984,True,139.862,128,,,,64,15,5,True,"cuda:1,cuda:2,cuda:3",,bf16,True,,,,,9310930e,outputs/impala_34584401
run,impala_34584422,impala,miner,nature,0,110000000,109502464,True,6.454,128,,,,64,15,5,True,"cuda:1,cuda:2,cuda:3",,bf16,True,,,,,dc9e3a2f,outputs/impala_34584422
run,impala_34584423,impala,pong,nature,0,110000000,109445120,True,99.542,128,,,,64,15,5,True,"cuda:1,cuda:2,cuda:3",,bf16,True,,,,,ceee8927,outputs/impala_34584423
run,impala_34584424,impala,freeway,nature,0,110000000,109453312,True,0.0,128,,,,64,15,5,True,"cuda:1,cuda:2,cuda:3",,bf16,True,,,,,171a2437,outputs/impala_34584424
run,impala_34584425,impala,seaquest,nature,0,110000000,109428736,True,359.136,128,,,,64,15,5,True,"cuda:1,cuda:2,cuda:3",,bf16,True,,,,,2a3ef716,outputs/impala_34584425
run,impala_34584426,impala,space_invaders,nature,0,110000000,109977600,True,389.732,128,,,,64,15,5,True,"cuda:1,cuda:2,cuda:3",,bf16,True,,,,,e793a28e,outputs/impala_34584426
run,impala_34584427,impala,asteroids,nature,0,110000000,109805568,True,798.807,128,,,,64,15,5,True,"cuda:1,cuda:2,cuda:3",,bf16,True,,,,,d1a60ca9,outputs/impala_34584427
run,impala_34584428,impala,frostbite,nature,0,110000000,109780992,True,253.786,128,,,,64,15,5,True,"cuda:1,cuda:2,cuda:3",,bf16,True,,,,,e132623d,outputs/impala_34584428
run,impala_34584429,impala,breakout,nature,0,110000000,109379584,True,238.55,128,,,,64,15,5,True,"cuda:1,cuda:2,cuda:3",,bf16,True,,,,,3071642b,outputs/impala_34584429
run,impala_34584430,impala,qbert,nature,0,110000000,109936640,True,319.83,128,,,,64,15,5,True,"cuda:1,cuda:2,cuda:3",,bf16,True,,,,,8c9dc694,outputs/impala_34584430
run,impala_34597593,impala,bigfish,nature,0,150000000,149651456,True,16.299,128,,,,64,15,5,True,"cuda:1,cuda:2,cuda:3",,bf16,True,,,,,baa35b67,outputs/impala_34597593
run,impala_34603289,impala,bigfish,nature,0,150000000,149733376,True,14.125,256,,,,64,12,5,True,"cuda:1,cuda:2,cuda:3",,bf16,True,,,,,0f91af35,outputs/impala_34603289
run,impala_34604260,impala,bigfish,nature,0,250000000,0,False,,256,,,,64,10,5,True,"cuda:2,cuda:3",2,bf16,True,,,,,65697957,outputs/impala_34604260
run,impala_34605437,impala,bigfish,nature,0,250000000,0,False,,256,,,,64,10,5,True,"cuda:2,cuda:3",2,bf16,True,,,,,65697957,outputs/impala_34605437
run,impala_34652334,impala,bigfish,nature,0,150000000,149520384,True,14.237,256,,,,64,12,5,True,"cuda:1,cuda:2,cuda:3",1,bf16,True,,,,,b94212c7,outputs/impala_34652334
run,impala_34652336,impala,bigfish,nature,0,150000000,149192704,True,14.566,256,,,,64,12,5,True,"cuda:1,cuda:2,cuda:3",1,bf16,True,,,,,b94212c7,outputs/impala_34652336
run,impala_34652348,impala,bigfish,nature,0,150000000,149192704,True,13.435,256,,,,64,12,5,True,"cuda:1,cuda:2,cuda:3",1,bf16,True,,,,,b94212c7,outputs/impala_34652348
run,impala_34652482,impala,plunder,nature,0,150000000,149176320,True,5.055,256,,,,64,12,5,True,"cuda:1,cuda:2,cuda:3",1,bf16,True,,,,,3050df0f,outputs/impala_34652482
run,impala_34652483,impala,bossfight,nature,0,150000000,149225472,True,35.225,256,,,,64,12,5,True,"cuda:1,cuda:2,cuda:3",1,bf16,True,,,,,6294fa6d,outputs/impala_34652483
run,impala_34652485,impala,ninja,nature,0,150000000,149176320,True,11.401,256,,,,64,12,5,True,"cuda:1,cuda:2,cuda:3",1,bf16,True,,,,,b09efdb1,outputs/impala_34652485
run,impala_34652486,impala,starpilot,nature,0,150000000,149241856,True,9.352,256,,,,64,12,5,True,"cuda:1,cuda:2,cuda:3",1,bf16,True,,,,,cb2f2f2d,outputs/impala_34652486
run,impala_34652487,impala,leaper,nature,0,150000000,149127168,True,25.253,256,,,,64,12,5,True,"cuda:1,cuda:2,cuda:3",1,bf16,True,,,,,8c83e5f2,outputs/impala_34652487
run,impala_34652488,impala,heist,nature,0,150000000,149159936,True,21.628,256,,,,64,12,5,True,"cuda:1,cuda:2,cuda:3",1,bf16,True,,,,,748f428d,outputs/impala_34652488
run,impala_34652489,impala,dodgeball,nature,0,150000000,149241856,True,0.739,256,,,,64,12,5,True,"cuda:1,cuda:2,cuda:3",1,bf16,True,,,,,93c1d622,outputs/impala_34652489
run,impala_34652490,impala,jumper,nature,0,150000000,149585920,True,4.844,256,,,,64,12,5,True,"cuda:1,cuda:2,cuda:3",1,bf16,True,,,,,8ce2bb28,outputs/impala_34652490
run,impala_34652491,impala,maze,nature,0,150000000,149225472,True,0.0,256,,,,64,12,5,True,"cuda:1,cuda:2,cuda:3",1,bf16,True,,,,,7d6dd314,outputs/impala_34652491
run,impala_34652494,impala,caveflyer,nature,0,150000000,149749760,True,3.19,256,,,,64,12,5,True,"cuda:1,cuda:2,cuda:3",1,bf16,True,,,,,8f97b6e4,outputs/impala_34652494
run,impala_34652495,impala,chaser,nature,0,150000000,149422080,True,84.63,256,,,,64,12,5,True,"cuda:1,cuda:2,cuda:3",1,bf16,True,,,,,821481d3,outputs/impala_34652495
run,impala_34652496,impala,climber,nature,0,150000000,149192704,True,0.189,256,,,,64,12,5,True,"cuda:1,cuda:2,cuda:3",1,bf16,True,,,,,46a43a50,outputs/impala_34652496
run,impala_34652497,impala,fruitbot,nature,0,150000000,149291008,True,5.855,256,,,,64,12,5,True,"cuda:1,cuda:2,cuda:3",1,bf16,True,,,,,98c9f8b5,outputs/impala_34652497
run,impala_34652499,impala,coinrun,nature,0,150000000,149225472,True,128.521,256,,,,64,12,5,True,"cuda:1,cuda:2,cuda:3",1,bf16,True,,,,,43963834,outputs/impala_34652499
run,impala_34652500,impala,miner,nature,0,150000000,149225472,True,6.31,256,,,,64,12,5,True,"cuda:1,cuda:2,cuda:3",1,bf16,True,,,,,40eb99d6,outputs/impala_34652500
run,impala_34652502,impala,pong,nature,0,150000000,149209088,True,99.478,256,,,,64,12,5,True,"cuda:1,cuda:2,cuda:3",1,bf16,True,,,,,fc9e3901,outputs/impala_34652502
run,impala_34652503,impala,freeway,nature,0,150000000,149225472,True,0.0,256,,,,64,12,5,True,"cuda:1,cuda:2,cuda:3",1,bf16,True,,,,,8565275d,outputs/impala_34652503
run,impala_34652504,impala,seaquest,nature,0,150000000,149143552,True,345.127,256,,,,64,12,5,True,"cuda:1,cuda:2,cuda:3",1,bf16,True,,,,,ce00f70b,outputs/impala_34652504
run,impala_34652505,impala,space_invaders,nature,0,150000000,149209088,True,389.236,256,,,,64,12,5,True,"cuda:1,cuda:2,cuda:3",1,bf16,True,,,,,7708c155,outputs/impala_34652505
run,impala_34652506,impala,asteroids,nature,0,150000000,149127168,True,775.283,256,,,,64,12,5,True,"cuda:1,cuda:2,cuda:3",1,bf16,True,,,,,1000e681,outputs/impala_34652506
run,impala_34652507,impala,frostbite,nature,0,150000000,150028288,True,252.7,256,,,,64,12,5,True,"cuda:1,cuda:2,cuda:3",1,bf16,True,,,,,45593347,outputs/impala_34652507
run,impala_34652508,impala,breakout,nature,0,150000000,149372928,True,181.654,256,,,,64,12,5,True,"cuda:1,cuda:2,cuda:3",1,bf16,True,,,,,4213664a,outputs/impala_34652508
run,impala_34652510,impala,qbert,nature,0,150000000,149159936,True,319.863,256,,,,64,12,5,True,"cuda:1,cuda:2,cuda:3",1,bf16,True,,,,,1765a2d9,outputs/impala_34652510
run,impala_34783847,impala,bigfish,nature,1,150000000,149209088,True,14.727,256,,,,64,12,5,True,"cuda:1,cuda:2,cuda:3",1,bf16,True,,,,,506b0eef,outputs/impala_34783847
run,impala_34783848,impala,bigfish,nature,2,150000000,149585920,True,15.549,256,,,,64,12,5,True,"cuda:1,cuda:2,cuda:3",1,bf16,True,,,,,2d80133c,outputs/impala_34783848
run,impala_34783849,impala,coinrun,nature,1,150000000,149159936,True,67.559,256,,,,64,12,5,True,"cuda:1,cuda:2,cuda:3",1,bf16,True,,,,,1803d0dc,outputs/impala_34783849
run,impala_34783850,impala,coinrun,nature,2,150000000,149553152,True,142.692,256,,,,64,12,5,True,"cuda:1,cuda:2,cuda:3",1,bf16,True,,,,,22e94464,outputs/impala_34783850
run,impala_34783851,impala,qbert,nature,1,150000000,149602304,True,318.617,256,,,,64,12,5,True,"cuda:1,cuda:2,cuda:3",1,bf16,True,,,,,dd668f4b,outputs/impala_34783851
run,impala_34783853,impala,qbert,nature,2,150000000,149454848,True,319.715,256,,,,64,12,5,True,"cuda:1,cuda:2,cuda:3",1,bf16,True,,,,,74495b14,outputs/impala_34783853
run,impala_34783854,impala,seaquest,nature,1,150000000,149176320,True,285.409,256,,,,64,12,5,True,"cuda:1,cuda:2,cuda:3",1,bf16,True,,,,,8fed9bd7,outputs/impala_34783854
run,impala_34783856,impala,seaquest,nature,2,150000000,149913600,True,355.048,256,,,,64,12,5,True,"cuda:1,cuda:2,cuda:3",1,bf16,True,,,,,1e257160,outputs/impala_34783856
run,impala_34783875,impala,pong,nature,1,150000000,149684224,True,100.556,256,,,,64,12,5,True,"cuda:1,cuda:2,cuda:3",1,bf16,True,,,,,e5e13b3d,outputs/impala_34783875
run,impala_34783876,impala,pong,nature,2,150000000,149716992,True,98.432,256,,,,64,12,5,True,"cuda:1,cuda:2,cuda:3",1,bf16,True,,,,,5cef5568,outputs/impala_34783876
run,impala_34783877,impala,miner,nature,1,150000000,149356544,True,6.166,256,,,,64,12,5,True,"cuda:1,cuda:2,cuda:3",1,bf16,True,,,,,bd919d52,outputs/impala_34783877
run,impala_34783879,impala,miner,nature,2,150000000,149209088,True,6.285,256,,,,64,12,5,True,"cuda:1,cuda:2,cuda:3",1,bf16,True,,,,,1e1a7e21,outputs/impala_34783879
run,impala_34783988,impala,bigfish,impala,0,150000000,149159936,True,19.729,256,,,,64,12,5,True,"cuda:1,cuda:2,cuda:3",1,bf16,True,,,,,a5d03be2,outputs/impala_34783988
run,impala_34798462,impala,bossfight,impala,0,150000000,149127168,True,73.096,256,,,,64,12,5,True,"cuda:1,cuda:2,cuda:3",1,bf16,True,,,,,6b4768b7,outputs/impala_34798462
run,impala_34798463,impala,caveflyer,impala,0,150000000,149143552,True,4.135,256,,,,64,12,5,True,"cuda:1,cuda:2,cuda:3",1,bf16,True,,,,,c476ea4b,outputs/impala_34798463
run,impala_34798464,impala,chaser,impala,0,150000000,149143552,True,94.239,256,,,,64,12,5,True,"cuda:1,cuda:2,cuda:3",1,bf16,True,,,,,0935d52b,outputs/impala_34798464
run,impala_34798465,impala,climber,impala,0,150000000,149110784,True,-0.912,256,,,,64,12,5,True,"cuda:1,cuda:2,cuda:3",1,bf16,True,,,,,eef8b7bf,outputs/impala_34798465
run,impala_34798467,impala,coinrun,impala,0,150000000,149094400,True,132.731,256,,,,64,12,5,True,"cuda:1,cuda:2,cuda:3",1,bf16,True,,,,,77a08372,outputs/impala_34798467
run,impala_34798468,impala,dodgeball,impala,0,150000000,149241856,True,4.557,256,,,,64,12,5,True,"cuda:1,cuda:2,cuda:3",1,bf16,True,,,,,582f41b4,outputs/impala_34798468
run,impala_34798469,impala,fruitbot,impala,0,150000000,149127168,True,8.776,256,,,,64,12,5,True,"cuda:1,cuda:2,cuda:3",1,bf16,True,,,,,341eef23,outputs/impala_34798469
run,impala_34798470,impala,heist,impala,0,150000000,149159936,True,32.183,256,,,,64,12,5,True,"cuda:1,cuda:2,cuda:3",1,bf16,True,,,,,dcef3c18,outputs/impala_34798470
run,impala_34798471,impala,jumper,impala,0,150000000,149127168,True,6.459,256,,,,64,12,5,True,"cuda:1,cuda:2,cuda:3",1,bf16,True,,,,,e280e2f8,outputs/impala_34798471
run,impala_34798478,impala,leaper,impala,0,150000000,149176320,True,16.019,256,,,,64,12,5,True,"cuda:1,cuda:2,cuda:3",1,bf16,True,,,,,93324dab,outputs/impala_34798478
run,impala_34798479,impala,maze,impala,0,150000000,149094400,True,0.0,256,,,,64,12,5,True,"cuda:1,cuda:2,cuda:3",1,bf16,True,,,,,83a45264,outputs/impala_34798479
run,impala_34798480,impala,miner,impala,0,150000000,149127168,True,9.647,256,,,,64,12,5,True,"cuda:1,cuda:2,cuda:3",1,bf16,True,,,,,7604728c,outputs/impala_34798480
run,impala_34798481,impala,ninja,impala,0,150000000,149110784,True,11.52,256,,,,64,12,5,True,"cuda:1,cuda:2,cuda:3",1,bf16,True,,,,,09e4df54,outputs/impala_34798481
run,impala_34798482,impala,plunder,impala,0,150000000,149225472,True,5.179,256,,,,64,12,5,True,"cuda:1,cuda:2,cuda:3",1,bf16,True,,,,,ab5fdfc1,outputs/impala_34798482
run,impala_34798483,impala,starpilot,impala,0,150000000,149143552,True,23.25,256,,,,64,12,5,True,"cuda:1,cuda:2,cuda:3",1,bf16,True,,,,,82ac2823,outputs/impala_34798483
run,impala_34798484,impala,pong,impala,0,150000000,149225472,True,100.298,256,,,,64,12,5,True,"cuda:1,cuda:2,cuda:3",1,bf16,True,,,,,62295762,outputs/impala_34798484
run,impala_34798485,impala,freeway,impala,0,150000000,149127168,True,0.0,256,,,,64,12,5,True,"cuda:1,cuda:2,cuda:3",1,bf16,True,,,,,76fa5c22,outputs/impala_34798485
run,impala_34798486,impala,seaquest,impala,0,150000000,149110784,True,609.147,256,,,,64,12,5,True,"cuda:1,cuda:2,cuda:3",1,bf16,True,,,,,b528d001,outputs/impala_34798486
run,impala_34798487,impala,space_invaders,impala,0,150000000,149110784,True,395.926,256,,,,64,12,5,True,"cuda:1,cuda:2,cuda:3",1,bf16,True,,,,,7632c4e5,outputs/impala_34798487
run,impala_34798488,impala,asteroids,impala,0,150000000,149159936,True,1333.612,256,,,,64,12,5,True,"cuda:1,cuda:2,cuda:3",1,bf16,True,,,,,97136fa1,outputs/impala_34798488
run,impala_34798489,impala,frostbite,impala,0,150000000,149225472,True,248.806,256,,,,64,12,5,True,"cuda:1,cuda:2,cuda:3",1,bf16,True,,,,,a37e8ed9,outputs/impala_34798489
run,impala_34798490,impala,breakout,impala,0,150000000,149176320,True,256.252,256,,,,64,12,5,True,"cuda:1,cuda:2,cuda:3",1,bf16,True,,,,,48d4140c,outputs/impala_34798490
run,impala_34798491,impala,qbert,impala,0,150000000,149225472,True,261.95,256,,,,64,12,5,True,"cuda:1,cuda:2,cuda:3",1,bf16,True,,,,,53393368,outputs/impala_34798491
run,impala_34807698,impala,bigfish,impala,0,150000000,0,False,,256,,,,64,12,5,True,"cuda:2,cuda:3",2,bf16,True,,,,,41d98a42,outputs/impala_34807698
run,impala_34807699,impala,bigfish,impala,0,150000000,0,False,,256,,,,64,8,5,True,cuda:3,3,bf16,True,,,,,15d6d348,outputs/impala_34807699
run,impala_34819869,impala,bigfish,impala,0,150000000,149094400,True,14.632,256,,,,64,12,5,True,"cuda:2,cuda:3",2,bf16,True,,,,,f711b027,outputs/impala_34819869
run,impala_34821374,impala,bossfight,impala,0,150000000,91750400,False,43.593,256,,,,64,12,5,True,"cuda:2,cuda:3",2,bf16,True,,,,,0fd04729,outputs/impala_34821374
run,impala_34821376,impala,caveflyer,impala,0,150000000,55705600,False,3.523,256,,,,64,12,5,True,"cuda:2,cuda:3",2,bf16,True,,,,,c7cde95c,outputs/impala_34821376
run,impala_34821382,impala,chaser,impala,0,150000000,68812800,False,99.234,256,,,,64,12,5,True,"cuda:2,cuda:3",2,bf16,True,,,,,235b560b,outputs/impala_34821382
run,impala_34821384,impala,climber,impala,0,150000000,45875200,False,-0.496,256,,,,64,12,5,True,"cuda:2,cuda:3",2,bf16,True,,,,,789df048,outputs/impala_34821384
run,impala_34821862,impala,bigfish,impala,0,150000000,149094400,True,0.762,256,,,,64,12,5,True,"cuda:2,cuda:3",2,bf16,True,,,,,94acd791,outputs/impala_34821862
run,impala_34824266,impala,bossfight,impala,0,150000000,149094400,True,50.427,256,,,,64,12,5,True,"cuda:2,cuda:3",2,bf16,True,,,,,0fd04729,outputs/impala_34824266
run,impala_34824267,impala,caveflyer,impala,0,150000000,149094400,True,4.45,256,,,,64,12,5,True,"cuda:2,cuda:3",2,bf16,True,,,,,c7cde95c,outputs/impala_34824267
run,impala_34824268,impala,chaser,impala,0,150000000,149094400,True,116.562,256,,,,64,12,5,True,"cuda:2,cuda:3",2,bf16,True,,,,,235b560b,outputs/impala_34824268
run,impala_34824269,impala,climber,impala,0,150000000,149094400,True,0.903,256,,,,64,12,5,True,"cuda:2,cuda:3",2,bf16,True,,,,,789df048,outputs/impala_34824269
run,impala_34824270,impala,coinrun,impala,0,150000000,149094400,True,136.359,256,,,,64,12,5,True,"cuda:2,cuda:3",2,bf16,True,,,,,6eb0713f,outputs/impala_34824270
run,impala_34824271,impala,dodgeball,impala,0,150000000,149094400,True,3.633,256,,,,64,12,5,True,"cuda:2,cuda:3",2,bf16,True,,,,,41ab9a21,outputs/impala_34824271
run,impala_34824272,impala,fruitbot,impala,0,150000000,149094400,True,7.05,256,,,,64,12,5,True,"cuda:2,cuda:3",2,bf16,True,,,,,8d26e6eb,outputs/impala_34824272
run,impala_34824273,impala,heist,impala,0,150000000,149094400,True,30.769,256,,,,64,12,5,True,"cuda:2,cuda:3",2,bf16,True,,,,,4245a540,outputs/impala_34824273
run,impala_34824292,impala,jumper,impala,0,150000000,149094400,True,7.176,256,,,,64,12,5,True,"cuda:2,cuda:3",2,bf16,True,,,,,7d7deca6,outputs/impala_34824292
run,impala_34824293,impala,leaper,impala,0,150000000,149094400,True,24.415,256,,,,64,12,5,True,"cuda:2,cuda:3",2,bf16,True,,,,,63a5dc29,outputs/impala_34824293
run,impala_34824294,impala,maze,impala,0,150000000,149094400,True,0.0,256,,,,64,12,5,True,"cuda:2,cuda:3",2,bf16,True,,,,,7abef1aa,outputs/impala_34824294
run,impala_34824295,impala,miner,impala,0,150000000,149094400,True,9.453,256,,,,64,12,5,True,"cuda:2,cuda:3",2,bf16,True,,,,,7e552cbd,outputs/impala_34824295
run,impala_34824296,impala,ninja,impala,0,150000000,149094400,True,11.439,256,,,,64,12,5,True,"cuda:2,cuda:3",2,bf16,True,,,,,7870e767,outputs/impala_34824296
run,impala_34824297,impala,plunder,impala,0,150000000,149094400,True,5.264,256,,,,64,12,5,True,"cuda:2,cuda:3",2,bf16,True,,,,,6ffefa4f,outputs/impala_34824297
run,impala_34824298,impala,starpilot,impala,0,150000000,149094400,True,14.49,256,,,,64,12,5,True,"cuda:2,cuda:3",2,bf16,True,,,,,e932b082,outputs/impala_34824298
run,impala_34824299,impala,pong,impala,0,150000000,149094400,True,92.438,256,,,,64,12,5,True,"cuda:2,cuda:3",2,bf16,True,,,,,3fc335b0,outputs/impala_34824299
run,impala_34824300,impala,freeway,impala,0,150000000,149094400,True,0.0,256,,,,64,12,5,True,"cuda:2,cuda:3",2,bf16,True,,,,,973186c4,outputs/impala_34824300
run,impala_34824301,impala,seaquest,impala,0,150000000,149094400,True,536.899,256,,,,64,12,5,True,"cuda:2,cuda:3",2,bf16,True,,,,,189b8807,outputs/impala_34824301
run,impala_34824302,impala,space_invaders,impala,0,150000000,149094400,True,396.455,256,,,,64,12,5,True,"cuda:2,cuda:3",2,bf16,True,,,,,37c496ab,outputs/impala_34824302
run,impala_34824303,impala,asteroids,impala,0,150000000,149094400,True,1318.887,256,,,,64,12,5,True,"cuda:2,cuda:3",2,bf16,True,,,,,7759c9e5,outputs/impala_34824303
run,impala_34824304,impala,frostbite,impala,0,150000000,149094400,True,230.649,256,,,,64,12,5,True,"cuda:2,cuda:3",2,bf16,True,,,,,a718b423,outputs/impala_34824304
run,impala_34824305,impala,breakout,impala,0,150000000,149094400,True,154.878,256,,,,64,12,5,True,"cuda:2,cuda:3",2,bf16,True,,,,,f46f15aa,outputs/impala_34824305
run,impala_34824306,impala,qbert,impala,0,150000000,149094400,True,279.277,256,,,,64,12,5,True,"cuda:2,cuda:3",2,bf16,True,,,,,1c16aa84,outputs/impala_34824306
run,impala_34897676,impala,bigfish,impala,1,150000000,149094400,True,14.394,256,,,,64,12,5,True,"cuda:2,cuda:3",2,bf16,True,,,,,3de18578,outputs/impala_34897676
run,impala_34897678,impala,bigfish,impala,2,150000000,149094400,True,13.038,256,,,,64,12,5,True,"cuda:2,cuda:3",2,bf16,True,,,,,c48be2a8,outputs/impala_34897678
run,impala_34897679,impala,coinrun,impala,1,150000000,149094400,True,133.136,256,,,,64,12,5,True,"cuda:2,cuda:3",2,bf16,True,,,,,abb08529,outputs/impala_34897679
run,impala_34897680,impala,coinrun,impala,2,150000000,149094400,True,115.028,256,,,,64,12,5,True,"cuda:2,cuda:3",2,bf16,True,,,,,4787c2bf,outputs/impala_34897680
run,impala_34897681,impala,qbert,impala,1,150000000,149094400,True,293.105,256,,,,64,12,5,True,"cuda:2,cuda:3",2,bf16,True,,,,,a2b49a26,outputs/impala_34897681
run,impala_34897682,impala,qbert,impala,2,150000000,149094400,True,298.926,256,,,,64,12,5,True,"cuda:2,cuda:3",2,bf16,True,,,,,3b0baa13,outputs/impala_34897682
run,impala_34897683,impala,seaquest,impala,1,150000000,149094400,True,571.685,256,,,,64,12,5,True,"cuda:2,cuda:3",2,bf16,True,,,,,6e914672,outputs/impala_34897683
run,impala_34897684,impala,seaquest,impala,2,150000000,149094400,True,533.887,256,,,,64,12,5,True,"cuda:2,cuda:3",2,bf16,True,,,,,efafb340,outputs/impala_34897684
run,impala_34897685,impala,pong,impala,1,150000000,149094400,True,94.08,256,,,,64,12,5,True,"cuda:2,cuda:3",2,bf16,True,,,,,0d1838da,outputs/impala_34897685
run,impala_34897686,impala,pong,impala,2,150000000,149094400,True,92.882,256,,,,64,12,5,True,"cuda:2,cuda:3",2,bf16,True,,,,,42d15fcf,outputs/impala_34897686
run,impala_34897687,impala,miner,impala,1,150000000,149094400,True,9.206,256,,,,64,12,5,True,"cuda:2,cuda:3",2,bf16,True,,,,,8dd1c29a,outputs/impala_34897687
run,impala_34897688,impala,miner,impala,2,150000000,149094400,True,9.368,256,,,,64,12,5,True,"cuda:2,cuda:3",2,bf16,True,,,,,4611327c,outputs/impala_34897688
run,impala_34954400,impala,breakout,impala,0,100000000,99942400,True,217.116,256,,,,64,12,5,True,"cuda:2,cuda:3",2,bf16,True,,,,,7ed43dbe,outputs/impala_34954400
run,impala_34954403,impala,qbert,impala,0,100000000,99942400,True,318.301,256,,,,64,12,5,True,"cuda:2,cuda:3",2,bf16,True,,,,,3f52d25a,outputs/impala_34954403
run,impala_34954405,impala,flappy_bird,impala,0,100000000,99942400,True,0.0,256,,,,64,12,5,True,"cuda:2,cuda:3",2,bf16,True,,,,,9757fd57,outputs/impala_34954405
run,impala_34954407,impala,frostbite,impala,0,100000000,99942400,True,249.727,256,,,,64,12,5,True,"cuda:2,cuda:3",2,bf16,True,,,,,4b6de9fb,outputs/impala_34954407
run,impala_34954409,impala,breakout.v4,impala,0,100000000,0,False,,256,,,,64,12,5,True,"cuda:2,cuda:3",2,bf16,True,,,,,399c2a6d,outputs/impala_34954409
run,impala_34954411,impala,qbert.v2,impala,0,100000000,36044800,False,480.43,256,,,,64,12,5,True,"cuda:2,cuda:3",2,bf16,True,,,,,2e91952c,outputs/impala_34954411
run,impala_34954414,impala,flappy_bird.dunk2,impala,0,100000000,99942400,True,0.0,256,,,,64,12,5,True,"cuda:2,cuda:3",2,bf16,True,,,,,65dc03cd,outputs/impala_34954414
run,impala_34954416,impala,frostbite.jungle,impala,0,100000000,99942400,True,239.473,256,,,,64,12,5,True,"cuda:2,cuda:3",2,bf16,True,,,,,0ca330a9,outputs/impala_34954416
run,impala_34958518,impala,qbert.v2,impala,0,100000000,13107200,False,98.828,256,,,,64,12,5,True,"cuda:2,cuda:3",2,bf16,True,,,,,2e91952c,outputs/impala_34958518
run,impala_34958649,impala,breakout.v4,impala,0,100000000,0,False,,256,,,,64,12,5,True,"cuda:2,cuda:3",2,bf16,True,,,,,399c2a6d,outputs/impala_34958649
run,impala_34968244,impala,breakout_variant,impala,0,100000000,34406400,False,188.828,256,,,,64,12,5,True,"cuda:2,cuda:3",2,bf16,True,,,,,897ca7ac,outputs/impala_34968244
run,impala_34973806,impala,bigfish,impala,0,150000000,149913600,True,21.193,64,,,,64,12,5,True,"cuda:1,cuda:2,cuda:3",1,bf16,True,,,,,cc82f5e1,outputs/impala_34973806
run,impala_34973808,impala,bigfish,impala,0,150000000,149913600,True,21.025,128,,,,64,12,5,True,"cuda:1,cuda:2,cuda:3",1,bf16,True,,,,,c13a9fb1,outputs/impala_34973808
run,impala_34974911,impala,qbert.v2,impala,0,100000000,0,False,,256,,,,64,12,5,True,"cuda:2,cuda:3",2,bf16,True,,,,,2e91952c,outputs/impala_34974911
run,impala_34974919,impala,breakout_variant,impala,0,100000000,14745600,False,61.016,256,,,,64,12,5,True,"cuda:2,cuda:3",2,bf16,True,,,,,897ca7ac,outputs/impala_34974919
run,impala_34975683,impala,qbert.v2,impala,0,100000000,37683200,False,540.479,256,,,,64,12,5,True,"cuda:2,cuda:3",2,bf16,True,,,,,2e91952c,outputs/impala_34975683
run,impala_34975684,impala,breakout_variant,impala,0,100000000,99942400,True,158.952,256,,,,64,12,5,True,"cuda:2,cuda:3",2,bf16,True,,,,,897ca7ac,outputs/impala_34975684
run,impala_34978953,impala,qbert.v2,impala,0,100000000,0,False,,256,,,,64,12,5,True,"cuda:2,cuda:3",2,bf16,True,,,,,2e91952c,outputs/impala_34978953
run,impala_34979638,impala,seaquest.v1,impala,0,100000000,99942400,True,384.167,256,,,,64,12,5,True,"cuda:2,cuda:3",2,bf16,True,,,,,fa7430ad,outputs/impala_34979638
run,impala_34979919,impala,flappy_bird,impala,0,100000000,99942400,True,1.767,256,,,,64,12,5,True,"cuda:2,cuda:3",2,bf16,True,,,,,dfe5a06e,outputs/impala_34979919
run,impala_34979921,impala,flappy_bird.dunk2,impala,0,100000000,99942400,True,1.817,256,,,,64,12,5,True,"cuda:2,cuda:3",2,bf16,True,,,,,135dd0a9,outputs/impala_34979921
run,impala_34980336,impala,qbert.v2,impala,0,100000000,80281600,False,701.138,256,,,,64,12,5,True,"cuda:2,cuda:3",2,bf16,True,,,,,2e91952c,outputs/impala_34980336
run,impala_34992292,impala,qbert.v2,impala,0,100000000,99942400,True,1038.678,256,,,,64,12,5,True,"cuda:2,cuda:3",2,bf16,True,,,,,2e91952c,outputs/impala_34992292
run,impala_34995159,impala,seaquest,impala,0,100000000,99942400,True,524.486,256,,,,64,12,5,True,"cuda:2,cuda:3",2,bf16,True,,,,,0f975fcd,outputs/impala_34995159
run,impala_35019645,impala,breakout,impala,0,100000000,99942400,True,175.625,256,,,,64,12,5,True,"cuda:2,cuda:3",2,bf16,True,,,,,9668f8aa,outputs/impala_35019645
run,impala_35019648,impala,breakout,impala,1,100000000,99942400,True,203.652,256,,,,64,12,5,True,"cuda:2,cuda:3",2,bf16,True,,,,,c206cc92,outputs/impala_35019648
run,impala_35019651,impala,breakout,impala,2,100000000,99942400,True,147.865,256,,,,64,12,5,True,"cuda:2,cuda:3",2,bf16,True,,,,,55a9ba23,outputs/impala_35019651
run,impala_35019656,impala,breakout.v4,impala,0,100000000,80281600,False,4703.896,256,,,,64,12,5,True,"cuda:2,cuda:3",2,bf16,True,,,,,ba677106,outputs/impala_35019656
run,impala_35019660,impala,breakout.v4,impala,1,100000000,99942400,True,4860.645,256,,,,64,12,5,True,"cuda:2,cuda:3",2,bf16,True,,,,,17ace8ad,outputs/impala_35019660
run,impala_35019664,impala,breakout.v4,impala,2,100000000,72089600,False,3990.947,256,,,,64,12,5,True,"cuda:2,cuda:3",2,bf16,True,,,,,a10df541,outputs/impala_35019664
run,impala_35019667,impala,qbert,impala,0,100000000,99942400,True,294.831,256,,,,64,12,5,True,"cuda:2,cuda:3",2,bf16,True,,,,,653cccaf,outputs/impala_35019667
run,impala_35019672,impala,qbert,impala,1,100000000,99942400,True,288.574,256,,,,64,12,5,True,"cuda:2,cuda:3",2,bf16,True,,,,,c65c8717,outputs/impala_35019672
run,impala_35019678,impala,qbert.v2,impala,0,100000000,99942400,True,1044.954,256,,,,64,12,5,True,"cuda:2,cuda:3",2,bf16,True,,,,,284a2371,outputs/impala_35019678
run,impala_35019680,impala,qbert.v2,impala,1,100000000,99942400,True,978.132,256,,,,64,12,5,True,"cuda:2,cuda:3",2,bf16,True,,,,,8394561b,outputs/impala_35019680
run,impala_35032250,impala,qbert,impala,2,100000000,0,False,,256,,,,64,12,5,True,"cuda:0,cuda:1",2,bf16,True,,,,,84416155,outputs/impala_35032250
run,impala_35032449,impala,qbert,impala,2,100000000,0,False,,256,,,,64,12,5,True,"cuda:0,cuda:1",2,bf16,True,,,,,84416155,outputs/impala_35032449
run,impala_35032524,impala,qbert,impala,2,100000000,0,False,,256,,,,64,12,5,True,"cuda:0,cuda:1",2,bf16,True,,,,,84416155,outputs/impala_35032524
run,impala_35032663,impala,qbert,impala,2,100000000,0,False,,256,,,,64,12,5,True,"cuda:0,cuda:1",2,bf16,True,,,,,84416155,outputs/impala_35032663
run,impala_35032841,impala,qbert,impala,2,100000000,99942400,True,281.504,256,,,,64,12,5,True,"cuda:0,cuda:1",2,bf16,True,,,,,84416155,outputs/impala_35032841
run,impala_35032842,impala,flappy_bird,impala,0,100000000,99942400,True,0.0,256,,,,64,12,5,True,"cuda:0,cuda:1",2,bf16,True,,,,,3cfa487e,outputs/impala_35032842
run,impala_35032848,impala,flappy_bird,impala,1,100000000,99942400,True,0.0,256,,,,64,12,5,True,"cuda:0,cuda:1",2,bf16,True,,,,,60f26d47,outputs/impala_35032848
run,impala_35032851,impala,flappy_bird,impala,2,100000000,99942400,True,0.0,256,,,,64,12,5,True,"cuda:0,cuda:1",2,bf16,True,,,,,f808780b,outputs/impala_35032851
run,impala_35032853,impala,flappy_bird.dunk2,impala,0,100000000,99942400,True,0.0,256,,,,64,12,5,True,"cuda:0,cuda:1",2,bf16,True,,,,,70ed3eb3,outputs/impala_35032853
run,impala_35032854,impala,flappy_bird.dunk2,impala,1,100000000,99942400,True,0.0,256,,,,64,12,5,True,"cuda:0,cuda:1",2,bf16,True,,,,,94c891b1,outputs/impala_35032854
run,impala_35032856,impala,flappy_bird.dunk2,impala,2,100000000,99942400,True,0.0,256,,,,64,12,5,True,"cuda:0,cuda:1",2,bf16,True,,,,,7baec620,outputs/impala_35032856
run,impala_35032857,impala,frostbite,impala,0,100000000,99942400,True,251.81,256,,,,64,12,5,True,"cuda:0,cuda:1",2,bf16,True,,,,,ee969e7d,outputs/impala_35032857
run,impala_35032858,impala,frostbite,impala,1,100000000,99942400,True,246.901,256,,,,64,12,5,True,"cuda:0,cuda:1",2,bf16,True,,,,,bb8061f9,outputs/impala_35032858
run,impala_35032860,impala,frostbite,impala,2,100000000,99942400,True,249.733,256,,,,64,12,5,True,"cuda:0,cuda:1",2,bf16,True,,,,,985a736f,outputs/impala_35032860
run,impala_35032864,impala,frostbite.jungle,impala,0,100000000,99942400,True,242.298,256,,,,64,12,5,True,"cuda:0,cuda:1",2,bf16,True,,,,,bfac0f07,outputs/impala_35032864
run,impala_35032865,impala,frostbite.jungle,impala,1,100000000,99942400,True,245.645,256,,,,64,12,5,True,"cuda:0,cuda:1",2,bf16,True,,,,,c57c7ab9,outputs/impala_35032865
run,impala_35032866,impala,frostbite.jungle,impala,2,100000000,99942400,True,245.293,256,,,,64,12,5,True,"cuda:0,cuda:1",2,bf16,True,,,,,a5153a83,outputs/impala_35032866
run,impala_35032869,impala,qbert.v2,impala,2,100000000,99942400,True,972.796,256,,,,64,12,5,True,"cuda:0,cuda:1",2,bf16,True,,,,,871a2434,outputs/impala_35032869
run,impala_35038037,impala,breakout.multi,impala,0,100000000,0,False,,256,,,,64,12,5,True,"cuda:0,cuda:1",2,bf16,True,,,,,8f1c9a59,outputs/impala_35038037
run,impala_35038039,impala,breakout.multi,impala,1,100000000,0,False,,256,,,,64,12,5,True,"cuda:0,cuda:1",2,bf16,True,,,,,cf3e3eea,outputs/impala_35038039
run,impala_35038716,impala,breakout.multi,impala,0,100000000,99942400,True,425.703,256,,,,64,12,5,True,"cuda:0,cuda:1",2,bf16,True,,,,,8f1c9a59,outputs/impala_35038716
run,impala_35038719,impala,breakout.multi,impala,1,100000000,99942400,True,654.655,256,,,,64,12,5,True,"cuda:0,cuda:1",2,bf16,True,,,,,cf3e3eea,outputs/impala_35038719
run,impala_35038720,impala,breakout.multi,impala,2,100000000,99942400,True,725.221,256,,,,64,12,5,True,"cuda:0,cuda:1",2,bf16,True,,,,,2237883c,outputs/impala_35038720
run,impala_35040081,impala,caveflyer,impala,0,100000000,99942400,True,3.91,256,,,,64,12,5,True,"cuda:0,cuda:1",2,bf16,True,,,,,0dc2abc3,outputs/impala_35040081
run,impala_35040093,impala,caveflyer,impala,1,100000000,99942400,True,3.753,256,,,,64,12,5,True,"cuda:0,cuda:1",2,bf16,True,,,,,eff6bc33,outputs/impala_35040093
run,impala_35040095,impala,caveflyer,impala,2,100000000,99942400,True,4.003,256,,,,64,12,5,True,"cuda:0,cuda:1",2,bf16,True,,,,,be23a752,outputs/impala_35040095
run,impala_35040099,impala,plunder,impala,0,100000000,99942400,True,5.053,256,,,,64,12,5,True,"cuda:0,cuda:1",2,bf16,True,,,,,88e620d9,outputs/impala_35040099
run,impala_35040105,impala,plunder,impala,1,100000000,99942400,True,4.934,256,,,,64,12,5,True,"cuda:0,cuda:1",2,bf16,True,,,,,32b585e7,outputs/impala_35040105
run,impala_35040110,impala,plunder,impala,2,100000000,99942400,True,5.082,256,,,,64,12,5,True,"cuda:0,cuda:1",2,bf16,True,,,,,324c245b,outputs/impala_35040110
run,impala_35040115,impala,space_invaders,impala,0,100000000,99942400,True,386.523,256,,,,64,12,5,True,"cuda:0,cuda:1",2,bf16,True,,,,,7547590e,outputs/impala_35040115
run,impala_35040117,impala,space_invaders,impala,1,100000000,99942400,True,391.829,256,,,,64,12,5,True,"cuda:0,cuda:1",2,bf16,True,,,,,4ac43925,outputs/impala_35040117
run,impala_35040120,impala,space_invaders,impala,2,100000000,99942400,True,393.685,256,,,,64,12,5,True,"cuda:0,cuda:1",2,bf16,True,,,,,29453620,outputs/impala_35040120
run,impala_35090295,impala,downwell_fresh,impala,0,100000000,99942400,True,169.235,256,,,,64,12,5,True,"cuda:0,cuda:1",2,bf16,True,,,,,1375bdf2,outputs/impala_35090295
run,impala_35090297,impala,downwell_fresh,impala,1,100000000,99942400,True,213.457,256,,,,64,12,5,True,"cuda:0,cuda:1",2,bf16,True,,,,,b76bc7e4,outputs/impala_35090297
run,impala_35090299,impala,downwell_fresh,impala,2,100000000,60620800,False,153.486,256,,,,64,12,5,True,"cuda:0,cuda:1",2,bf16,True,,,,,5664c601,outputs/impala_35090299
run,impala_35090301,impala,jump_king,impala,0,100000000,32768000,False,152.792,256,,,,64,12,5,True,"cuda:0,cuda:1",2,bf16,True,,,,,f3b0806a,outputs/impala_35090301
run,impala_35092038,impala,jump_king,impala,1,100000000,99942400,True,475.127,256,,,,64,12,5,True,"cuda:0,cuda:1",2,bf16,True,,,,,b768d7b7,outputs/impala_35092038
run,impala_35092039,impala,jump_king,impala,2,100000000,99942400,True,525.39,256,,,,64,12,5,True,"cuda:0,cuda:1",2,bf16,True,,,,,95207c69,outputs/impala_35092039
run,impala_35092040,impala,vvvvvv,impala,0,100000000,99942400,True,363.932,256,,,,64,12,5,True,"cuda:0,cuda:1",2,bf16,True,,,,,89c75571,outputs/impala_35092040
run,impala_35092041,impala,vvvvvv,impala,1,100000000,99942400,True,472.754,256,,,,64,12,5,True,"cuda:0,cuda:1",2,bf16,True,,,,,d3787af4,outputs/impala_35092041
run,impala_35092042,impala,vvvvvv,impala,2,100000000,99942400,True,338.314,256,,,,64,12,5,True,"cuda:0,cuda:1",2,bf16,True,,,,,db36283e,outputs/impala_35092042
run,impala_35092210,impala,jump_king,impala,0,100000000,99942400,True,477.047,256,,,,64,12,5,True,"cuda:0,cuda:1",2,bf16,True,,,,,f3b0806a,outputs/impala_35092210
run,impala_35092212,impala,downwell_fresh,impala,2,100000000,99958784,True,230.628,256,,,,64,12,5,True,"cuda:0,cuda:1",2,bf16,True,,,,,5664c601,outputs/impala_35092212
run,impala_35316861,impala,breakout.multi,impala,0,30000000,29491200,True,140.43,256,,,,64,12,5,True,"cuda:0,cuda:1",2,bf16,True,,,,,d149b34a,outputs/impala_35316861
run,impala_35317423,impala,breakout,impala,0,30000000,29491200,True,97.715,256,,,,64,12,5,True,"cuda:0,cuda:1",2,bf16,True,,,,,518315e4,outputs/impala_35317423
run,impala_35317424,impala,frostbite,impala,0,30000000,29491200,True,236.191,256,,,,64,12,5,True,"cuda:0,cuda:1",2,bf16,True,,,,,28270d67,outputs/impala_35317424
run,impala_35317425,impala,frostbite.jungle,impala,0,30000000,0,False,,256,,,,64,12,5,True,"cuda:0,cuda:1",2,bf16,True,,,,,6d6bc0e9,outputs/impala_35317425
run,impala_35319084,impala,breakout.multi,impala,0,30000000,29491200,True,101.953,256,,,,64,12,5,True,"cuda:2,cuda:3",2,bf16,True,,,,,79476a88,outputs/impala_35319084
run,impala_35319085,impala,qbert.v2,impala,0,30000000,29491200,True,388.916,256,,,,64,12,5,True,"cuda:2,cuda:3",2,bf16,True,,,,,07d26fcf,outputs/impala_35319085
run,impala_35319086,impala,flappy_bird.dunk2,impala,0,30000000,29491200,True,0.0,256,,,,64,12,5,True,"cuda:2,cuda:3",2,bf16,True,,,,,0ce8f133,outputs/impala_35319086
run,impala_35319087,impala,frostbite.jungle,impala,0,30000000,29491200,True,196.035,256,,,,64,12,5,True,"cuda:2,cuda:3",2,bf16,True,,,,,9c61bda6,outputs/impala_35319087
run,impala_35319088,impala,vvvvvv,impala,0,30000000,29491200,True,312.305,256,,,,64,12,5,True,"cuda:2,cuda:3",2,bf16,True,,,,,ba113d86,outputs/impala_35319088
run,impala_35319090,impala,downwell_fresh,impala,0,30000000,29491200,True,126.729,256,,,,64,12,5,True,"cuda:2,cuda:3",2,bf16,True,,,,,e3b31c6d,outputs/impala_35319090
run,ppo_dunk2_150M,ppo,flappy_bird.dunk2,nature,0,150000000,149987328,True,23.555,,192,128,8,,,,,,,fp32,False,,0,,,db556441,outputs/ppo_dunk2_150M
run,ppo_dunk2_probe,ppo,flappy_bird.dunk2,nature,0,30000000,29982720,True,0.016,,192,128,8,,,,,,,fp32,False,,0,,,6a1a621b,outputs/ppo_dunk2_probe
run,ppo_flappy_bird_100M,ppo,flappy_bird,nature,0,100000000,99999744,True,27.856,,192,128,8,,,,,,,fp32,False,,0,,,8d916355,outputs/ppo_flappy_bird_100M
run,ppo_flappy_bird_dunk2_100M,ppo,flappy_bird.dunk2,nature,0,100000000,99999744,True,15.899,,192,128,8,,,,,,,fp32,False,,0,,,e7fa1588,outputs/ppo_flappy_bird_dunk2_100M
run,ppo_flappy_probe,ppo,flappy_bird,nature,0,30000000,29982720,True,27.677,,192,128,8,,,,,,,fp32,False,,0,,,09d57f69,outputs/ppo_flappy_probe
run,ppo_impala_bigfish_s0,ppo,bigfish,impala,0,150000000,149987328,True,33.183,,192,128,8,,,,,,,fp32,False,,0,,,4d1f9a04,outputs/ppo_impala_bigfish_s0
run,ppo_impala_bigfish_s1,ppo,bigfish,impala,1,150000000,149987328,True,33.077,,192,128,8,,,,,,,fp32,False,,0,,,4d1f9a04,outputs/ppo_impala_bigfish_s1
run,ppo_impala_bigfish_s2,ppo,bigfish,impala,2,150000000,149987328,True,32.516,,192,128,8,,,,,,,fp32,False,,0,,,4d1f9a04,outputs/ppo_impala_bigfish_s2
run,ppo_impala_coinrun_s0,ppo,coinrun,impala,0,150000000,149987328,True,12.146,,192,128,8,,,,,,,fp32,False,,0,,,b24c926d,outputs/ppo_impala_coinrun_s0
run,ppo_impala_coinrun_s1,ppo,coinrun,impala,1,150000000,149987328,True,8.303,,192,128,8,,,,,,,fp32,False,,0,,,b24c926d,outputs/ppo_impala_coinrun_s1
run,ppo_impala_coinrun_s2,ppo,coinrun,impala,2,150000000,149987328,True,9.218,,192,128,8,,,,,,,fp32,False,,0,,,b24c926d,outputs/ppo_impala_coinrun_s2
run,ppo_impala_miner_s0,ppo,miner,impala,0,150000000,149987328,True,18.97,,192,128,8,,,,,,,fp32,False,,0,,,9c17fb7c,outputs/ppo_impala_miner_s0
run,ppo_impala_miner_s1,ppo,miner,impala,1,150000000,149987328,True,19.05,,192,128,8,,,,,,,fp32,False,,0,,,9c17fb7c,outputs/ppo_impala_miner_s1
run,ppo_impala_miner_s2,ppo,miner,impala,2,150000000,149987328,True,18.61,,192,128,8,,,,,,,fp32,False,,0,,,9c17fb7c,outputs/ppo_impala_miner_s2
run,ppo_impala_pong_s0,ppo,pong,impala,0,150000000,149987328,True,104.818,,192,128,8,,,,,,,fp32,False,,0,,,98407974,outputs/ppo_impala_pong_s0
run,ppo_impala_pong_s1,ppo,pong,impala,1,150000000,149987328,True,98.511,,192,128,8,,,,,,,fp32,False,,0,,,98407974,outputs/ppo_impala_pong_s1
run,ppo_impala_pong_s2,ppo,pong,impala,2,150000000,149987328,True,96.567,,192,128,8,,,,,,,fp32,False,,0,,,98407974,outputs/ppo_impala_pong_s2
run,ppo_impala_qbert_s0,ppo,qbert,impala,0,150000000,149987328,True,320.0,,192,128,8,,,,,,,fp32,False,,0,,,e012dfb6,outputs/ppo_impala_qbert_s0
run,ppo_impala_qbert_s1,ppo,qbert,impala,1,150000000,149987328,True,319.998,,192,128,8,,,,,,,fp32,False,,0,,,e012dfb6,outputs/ppo_impala_qbert_s1
run,ppo_impala_qbert_s2,ppo,qbert,impala,2,150000000,149987328,True,244.129,,192,128,8,,,,,,,fp32,False,,0,,,e012dfb6,outputs/ppo_impala_qbert_s2
run,ppo_impala_seaquest_s0,ppo,seaquest,impala,0,150000000,149987328,True,863.935,,192,128,8,,,,,,,fp32,False,,0,,,401e7aac,outputs/ppo_impala_seaquest_s0
run,ppo_impala_seaquest_s1,ppo,seaquest,impala,1,150000000,149987328,True,834.594,,192,128,8,,,,,,,fp32,False,,0,,,401e7aac,outputs/ppo_impala_seaquest_s1
run,ppo_impala_seaquest_s2,ppo,seaquest,impala,2,150000000,149987328,True,838.108,,192,128,8,,,,,,,fp32,False,,0,,,401e7aac,outputs/ppo_impala_seaquest_s2
run,ppo_nature_bigfish_s0,ppo,bigfish,nature,0,150000000,149987328,True,29.467,,192,128,8,,,,,,,fp32,False,,0,,,a146b1b0,outputs/ppo_nature_bigfish_s0
run,ppo_nature_bigfish_s1,ppo,bigfish,nature,1,150000000,149987328,True,29.79,,192,128,8,,,,,,,fp32,False,,0,,,a146b1b0,outputs/ppo_nature_bigfish_s1
run,ppo_nature_bigfish_s2,ppo,bigfish,nature,2,150000000,149987328,True,28.401,,192,128,8,,,,,,,fp32,False,,0,,,a146b1b0,outputs/ppo_nature_bigfish_s2
run,ppo_nature_coinrun_s0,ppo,coinrun,nature,0,150000000,149987328,True,52.483,,192,128,8,,,,,,,fp32,False,,0,,,2a3b76f9,outputs/ppo_nature_coinrun_s0
run,ppo_nature_coinrun_s1,ppo,coinrun,nature,1,150000000,149987328,True,56.446,,192,128,8,,,,,,,fp32,False,,0,,,2a3b76f9,outputs/ppo_nature_coinrun_s1
run,ppo_nature_coinrun_s2,ppo,coinrun,nature,2,150000000,149987328,True,55.585,,192,128,8,,,,,,,fp32,False,,0,,,2a3b76f9,outputs/ppo_nature_coinrun_s2
run,ppo_nature_miner_s0,ppo,miner,nature,0,150000000,149987328,True,8.492,,192,128,8,,,,,,,fp32,False,,0,,,089c5f61,outputs/ppo_nature_miner_s0
run,ppo_nature_miner_s1,ppo,miner,nature,1,150000000,149987328,True,7.717,,192,128,8,,,,,,,fp32,False,,0,,,089c5f61,outputs/ppo_nature_miner_s1
run,ppo_nature_miner_s2,ppo,miner,nature,2,150000000,149987328,True,7.58,,192,128,8,,,,,,,fp32,False,,0,,,089c5f61,outputs/ppo_nature_miner_s2
run,ppo_nature_pong_s0,ppo,pong,nature,0,150000000,149987328,True,83.834,,192,128,8,,,,,,,fp32,False,,0,,,d50508ab,outputs/ppo_nature_pong_s0
run,ppo_nature_pong_s1,ppo,pong,nature,1,150000000,149987328,True,99.947,,192,128,8,,,,,,,fp32,False,,0,,,d50508ab,outputs/ppo_nature_pong_s1
run,ppo_nature_pong_s2,ppo,pong,nature,2,150000000,149987328,True,104.81,,192,128,8,,,,,,,fp32,False,,0,,,d50508ab,outputs/ppo_nature_pong_s2
run,ppo_nature_qbert_s0,ppo,qbert,nature,0,150000000,149987328,True,319.905,,192,128,8,,,,,,,fp32,False,,0,,,a8d0d8cb,outputs/ppo_nature_qbert_s0
run,ppo_nature_qbert_s1,ppo,qbert,nature,1,150000000,149987328,True,319.961,,192,128,8,,,,,,,fp32,False,,0,,,a8d0d8cb,outputs/ppo_nature_qbert_s1
run,ppo_nature_qbert_s2,ppo,qbert,nature,2,150000000,149987328,True,319.843,,192,128,8,,,,,,,fp32,False,,0,,,a8d0d8cb,outputs/ppo_nature_qbert_s2
run,ppo_nature_seaquest_s0,ppo,seaquest,nature,0,150000000,149987328,True,350.32,,192,128,8,,,,,,,fp32,False,,0,,,1859db45,outputs/ppo_nature_seaquest_s0
run,ppo_nature_seaquest_s1,ppo,seaquest,nature,1,150000000,149987328,True,283.257,,192,128,8,,,,,,,fp32,False,,0,,,1859db45,outputs/ppo_nature_seaquest_s1
run,ppo_nature_seaquest_s2,ppo,seaquest,nature,2,150000000,149987328,True,426.58,,192,128,8,,,,,,,fp32,False,,0,,,1859db45,outputs/ppo_nature_seaquest_s2
run,ppo_probe_bigfish,ppo,bigfish,nature,0,3000000,2997760,True,8.007,,20,128,4,,,,,,,fp32,False,,,,,e2768566,outputs/ppo_probe_bigfish
run,ppo_probe_bigfish_native,ppo,bigfish,nature,0,10000000,9977856,True,9.977,,192,128,8,,,,,,,fp32,False,,0,,,dac3b210,outputs/ppo_probe_bigfish_native
run,pt_bigfish_remote2gpu,impala,bigfish,nature,0,150000000,149192704,True,14.858,256,,,,64,4,0,False,cuda:1,,bf16,True,,,,,654fad46,outputs/pt_bigfish_remote2gpu
run,pt_climber_remote,impala,climber,nature,0,150000000,149766144,True,0.308,256,,,,64,4,0,False,"cuda:1,cuda:2,cuda:3",,bf16,True,,,,,b946a1d1,outputs/pt_climber_remote
run,pt_coinrun_remote,impala,coinrun,nature,0,150000000,149209088,True,108.337,256,,,,64,4,0,False,"cuda:1,cuda:2,cuda:3",,bf16,True,,,,,3e2cbcf6,outputs/pt_coinrun_remote
run,pt_envpool_bigfish,impala,BigfishEasy-v0,nature,0,150000000,149241856,True,12.341,256,,,,64,12,5,False,"cuda:1,cuda:2,cuda:3",1,bf16,True,,,,,2fa668c6,outputs/pt_envpool_bigfish
run,pt_fruitbot_remote,impala,fruitbot,nature,0,150000000,149323776,True,5.918,256,,,,64,4,0,False,"cuda:1,cuda:2,cuda:3",,bf16,True,,,,,d52b5eda,outputs/pt_fruitbot_remote
run,pt_miner_remote,impala,miner,nature,0,150000000,149143552,True,6.641,256,,,,64,4,0,False,"cuda:1,cuda:2,cuda:3",1,bf16,True,,,,,145d11e7,outputs/pt_miner_remote
run,pt_qbert_remote,impala,qbert,nature,0,150000000,149127168,True,319.616,256,,,,64,4,0,False,"cuda:1,cuda:2,cuda:3",,bf16,True,,,,,2a799885,outputs/pt_qbert_remote
run,pv_p768_breakout_s0,ppo,breakout,nature,0,100000000,99975168,True,248.118,,768,128,32,,,,,,,fp32,False,True,12,,,c0f197d5,outputs/pv_p768_breakout_s0
run,pv_p768_breakout_s1,ppo,breakout,nature,1,100000000,99975168,True,268.25,,768,128,32,,,,,,,fp32,False,True,12,,,c0f197d5,outputs/pv_p768_breakout_s1
run,pv_p768_breakout_s2,ppo,breakout,nature,2,100000000,99975168,True,264.41,,768,128,32,,,,,,,fp32,False,True,12,,,c0f197d5,outputs/pv_p768_breakout_s2
run,pv_p768_flappy_bird_s0,ppo,flappy_bird,nature,0,100000000,99975168,True,27.676,,768,128,32,,,,,,,fp32,False,True,12,,,4e32ccca,outputs/pv_p768_flappy_bird_s0
run,pv_p768_flappy_bird_s1,ppo,flappy_bird,nature,1,100000000,99975168,True,27.599,,768,128,32,,,,,,,fp32,False,True,12,,,4e32ccca,outputs/pv_p768_flappy_bird_s1
run,pv_p768_flappy_bird_s2,ppo,flappy_bird,nature,2,100000000,99975168,True,27.658,,768,128,32,,,,,,,fp32,False,True,12,,,4e32ccca,outputs/pv_p768_flappy_bird_s2
run,pv_p768_plunder_s0,ppo,plunder,nature,0,100000000,99975168,True,6.341,,768,128,32,,,,,,,fp32,False,True,12,,,66372d3f,outputs/pv_p768_plunder_s0
run,pv_p768_plunder_s1,ppo,plunder,nature,1,100000000,99975168,True,6.445,,768,128,32,,,,,,,fp32,False,True,12,,,66372d3f,outputs/pv_p768_plunder_s1
run,pv_p768_plunder_s2,ppo,plunder,nature,2,100000000,99975168,True,6.739,,768,128,32,,,,,,,fp32,False,True,12,,,66372d3f,outputs/pv_p768_plunder_s2
run,pv_p_bossfight_s0,ppo,bossfight,nature,0,100000000,99999744,True,49.457,,192,128,8,,,,,,,fp32,False,,0,,,370ced81,outputs/pv_p_bossfight_s0
run,pv_p_bossfight_s1,ppo,bossfight,nature,1,100000000,99999744,True,-0.107,,192,128,8,,,,,,,fp32,False,,0,,,370ced81,outputs/pv_p_bossfight_s1
run,pv_p_bossfight_s2,ppo,bossfight,nature,2,100000000,99999744,True,44.31,,192,128,8,,,,,,,fp32,False,,0,,,370ced81,outputs/pv_p_bossfight_s2
run,pv_p_breakout_multi_s0,ppo,breakout.multi,nature,0,100000000,99999744,True,848.871,,192,128,8,,,,,,,fp32,False,,0,,,f3b1ecad,outputs/pv_p_breakout_multi_s0
run,pv_p_breakout_multi_s1,ppo,breakout.multi,nature,1,100000000,99999744,True,656.198,,192,128,8,,,,,,,fp32,False,,0,,,f3b1ecad,outputs/pv_p_breakout_multi_s1
run,pv_p_breakout_multi_s2,ppo,breakout.multi,nature,2,100000000,99999744,True,835.347,,192,128,8,,,,,,,fp32,False,,0,,,f3b1ecad,outputs/pv_p_breakout_multi_s2
run,pv_p_breakout_s0,ppo,breakout,nature,0,100000000,99999744,True,265.342,,192,128,8,,,,,,,fp32,False,,0,,,edd3f25f,outputs/pv_p_breakout_s0
run,pv_p_breakout_s0_failed_badnode,ppo,breakout,nature,0,100000000,0,False,,,192,128,8,,,,,,,fp32,False,,0,,,edd3f25f,outputs/pv_p_breakout_s0_failed_badnode
run,pv_p_breakout_s1,ppo,breakout,nature,1,100000000,99999744,True,264.922,,192,128,8,,,,,,,fp32,False,,0,,,edd3f25f,outputs/pv_p_breakout_s1
run,pv_p_breakout_s1_failed_badnode,ppo,breakout,nature,1,100000000,0,False,,,192,128,8,,,,,,,fp32,False,,0,,,edd3f25f,outputs/pv_p_breakout_s1_failed_badnode
run,pv_p_breakout_s2,ppo,breakout,nature,2,100000000,99999744,True,195.058,,192,128,8,,,,,,,fp32,False,,0,,,edd3f25f,outputs/pv_p_breakout_s2
run,pv_p_breakout_v4_s0,ppo,breakout.v4,nature,0,100000000,8331264,False,4106.344,,192,128,8,,,,,,,fp32,False,,0,,,1f1be1d3,outputs/pv_p_breakout_v4_s0
run,pv_p_breakout_v4_s0_partial_35028888,ppo,breakout.v4,nature,0,100000000,75005952,False,4134.186,,192,128,8,,,,,,,fp32,False,,0,,,1f1be1d3,outputs/pv_p_breakout_v4_s0_partial_35028888
run,pv_p_breakout_v4_s1,ppo,breakout.v4,nature,1,100000000,0,False,,,192,128,8,,,,,,,fp32,False,,0,,,1f1be1d3,outputs/pv_p_breakout_v4_s1
run,pv_p_breakout_v4_s2,ppo,breakout.v4,nature,2,100000000,0,False,,,192,128,8,,,,,,,fp32,False,,0,,,1f1be1d3,outputs/pv_p_breakout_v4_s2
run,pv_p_caveflyer_s0,ppo,caveflyer,nature,0,100000000,99999744,True,3.902,,192,128,8,,,,,,,fp32,False,,0,,,a4d053f0,outputs/pv_p_caveflyer_s0
run,pv_p_caveflyer_s1,ppo,caveflyer,nature,1,100000000,99999744,True,3.719,,192,128,8,,,,,,,fp32,False,,0,,,a4d053f0,outputs/pv_p_caveflyer_s1
run,pv_p_caveflyer_s2,ppo,caveflyer,nature,2,100000000,99999744,True,4.077,,192,128,8,,,,,,,fp32,False,,0,,,a4d053f0,outputs/pv_p_caveflyer_s2
run,pv_p_chaser_s0,ppo,chaser,nature,0,100000000,99999744,True,50.501,,192,128,8,,,,,,,fp32,False,,0,,,1080f3db,outputs/pv_p_chaser_s0
run,pv_p_chaser_s1,ppo,chaser,nature,1,100000000,99999744,True,53.165,,192,128,8,,,,,,,fp32,False,,0,,,1080f3db,outputs/pv_p_chaser_s1
run,pv_p_chaser_s2,ppo,chaser,nature,2,100000000,99999744,True,57.61,,192,128,8,,,,,,,fp32,False,,0,,,1080f3db,outputs/pv_p_chaser_s2
run,pv_p_downwell_fresh_s0,ppo,downwell_fresh,nature,0,100000000,99999744,True,292.219,,192,128,8,,,,,,,fp32,False,,0,,,c5c155e5,outputs/pv_p_downwell_fresh_s0
run,pv_p_downwell_fresh_s1,ppo,downwell_fresh,nature,1,100000000,99999744,True,300.011,,192,128,8,,,,,,,fp32,False,,0,,,c5c155e5,outputs/pv_p_downwell_fresh_s1
run,pv_p_downwell_fresh_s2,ppo,downwell_fresh,nature,2,100000000,99999744,True,303.503,,192,128,8,,,,,,,fp32,False,,0,,,c5c155e5,outputs/pv_p_downwell_fresh_s2
run,pv_p_downwell_fresh_s2_partial,ppo,downwell_fresh,nature,2,100000000,31825920,False,113.762,,192,128,8,,,,,,,fp32,False,,0,,,c5c155e5,outputs/pv_p_downwell_fresh_s2_partial
run,pv_p_flappy_bird_dunk2_s0,ppo,flappy_bird.dunk2,nature,0,100000000,99999744,True,23.762,,192,128,8,,,,,,,fp32,False,,0,,,e7fa1588,outputs/pv_p_flappy_bird_dunk2_s0
run,pv_p_flappy_bird_dunk2_s0_failed_badnode,ppo,flappy_bird.dunk2,nature,0,100000000,0,False,,,192,128,8,,,,,,,fp32,False,,0,,,e7fa1588,outputs/pv_p_flappy_bird_dunk2_s0_failed_badnode
run,pv_p_flappy_bird_dunk2_s1,ppo,flappy_bird.dunk2,nature,1,100000000,99999744,True,23.649,,192,128,8,,,,,,,fp32,False,,0,,,e7fa1588,outputs/pv_p_flappy_bird_dunk2_s1
run,pv_p_flappy_bird_dunk2_s2,ppo,flappy_bird.dunk2,nature,2,100000000,99999744,True,23.832,,192,128,8,,,,,,,fp32,False,,0,,,e7fa1588,outputs/pv_p_flappy_bird_dunk2_s2
run,pv_p_flappy_bird_s0,ppo,flappy_bird,nature,0,100000000,99999744,True,27.858,,192,128,8,,,,,,,fp32,False,,0,,,8d916355,outputs/pv_p_flappy_bird_s0
run,pv_p_flappy_bird_s1,ppo,flappy_bird,nature,1,100000000,99999744,True,27.826,,192,128,8,,,,,,,fp32,False,,0,,,8d916355,outputs/pv_p_flappy_bird_s1
run,pv_p_flappy_bird_s2,ppo,flappy_bird,nature,2,100000000,99999744,True,27.889,,192,128,8,,,,,,,fp32,False,,0,,,8d916355,outputs/pv_p_flappy_bird_s2
run,pv_p_flappy_bird_s2_failed_badnode,ppo,flappy_bird,nature,2,100000000,0,False,,,192,128,8,,,,,,,fp32,False,,0,,,8d916355,outputs/pv_p_flappy_bird_s2_failed_badnode
run,pv_p_frostbite_jungle_s0,ppo,frostbite.jungle,nature,0,100000000,99999744,True,168.292,,192,128,8,,,,,,,fp32,False,,0,,,c549bc35,outputs/pv_p_frostbite_jungle_s0
run,pv_p_frostbite_jungle_s0_failed_badnode,ppo,frostbite.jungle,nature,0,100000000,0,False,,,192,128,8,,,,,,,fp32,False,,0,,,c549bc35,outputs/pv_p_frostbite_jungle_s0_failed_badnode
run,pv_p_frostbite_jungle_s1,ppo,frostbite.jungle,nature,1,100000000,99999744,True,190.286,,192,128,8,,,,,,,fp32,False,,0,,,c549bc35,outputs/pv_p_frostbite_jungle_s1
run,pv_p_frostbite_jungle_s1_failed_badnode,ppo,frostbite.jungle,nature,1,100000000,0,False,,,192,128,8,,,,,,,fp32,False,,0,,,c549bc35,outputs/pv_p_frostbite_jungle_s1_failed_badnode
run,pv_p_frostbite_jungle_s2,ppo,frostbite.jungle,nature,2,100000000,99999744,True,155.77,,192,128,8,,,,,,,fp32,False,,0,,,c549bc35,outputs/pv_p_frostbite_jungle_s2
run,pv_p_frostbite_jungle_s2_failed_badnode,ppo,frostbite.jungle,nature,2,100000000,0,False,,,192,128,8,,,,,,,fp32,False,,0,,,c549bc35,outputs/pv_p_frostbite_jungle_s2_failed_badnode
run,pv_p_frostbite_s0,ppo,frostbite,nature,0,100000000,99999744,True,245.199,,192,128,8,,,,,,,fp32,False,,0,,,454d64d1,outputs/pv_p_frostbite_s0
run,pv_p_frostbite_s1,ppo,frostbite,nature,1,100000000,99999744,True,227.041,,192,128,8,,,,,,,fp32,False,,0,,,454d64d1,outputs/pv_p_frostbite_s1
run,pv_p_frostbite_s2,ppo,frostbite,nature,2,100000000,99999744,True,222.76,,192,128,8,,,,,,,fp32,False,,0,,,454d64d1,outputs/pv_p_frostbite_s2
run,pv_p_frostbite_s2_failed_badnode,ppo,frostbite,nature,2,100000000,0,False,,,192,128,8,,,,,,,fp32,False,,0,,,454d64d1,outputs/pv_p_frostbite_s2_failed_badnode
run,pv_p_jump_king_s0,ppo,jump_king,nature,0,100000000,99999744,True,412.755,,192,128,8,,,,,,,fp32,False,,0,,,b5f4cd14,outputs/pv_p_jump_king_s0
run,pv_p_jump_king_s0_partial,ppo,jump_king,nature,0,100000000,21626880,False,137.194,,192,128,8,,,,,,,fp32,False,,0,,,b5f4cd14,outputs/pv_p_jump_king_s0_partial
run,pv_p_jump_king_s1,ppo,jump_king,nature,1,100000000,99999744,True,412.793,,192,128,8,,,,,,,fp32,False,,0,,,b5f4cd14,outputs/pv_p_jump_king_s1
run,pv_p_jump_king_s1_partial,ppo,jump_king,nature,1,100000000,18948096,False,137.194,,192,128,8,,,,,,,fp32,False,,0,,,b5f4cd14,outputs/pv_p_jump_king_s1_partial
run,pv_p_jump_king_s2,ppo,jump_king,nature,2,100000000,99999744,True,562.068,,192,128,8,,,,,,,fp32,False,,0,,,b5f4cd14,outputs/pv_p_jump_king_s2
run,pv_p_jump_king_s2_partial,ppo,jump_king,nature,2,100000000,18579456,False,437.234,,192,128,8,,,,,,,fp32,False,,0,,,b5f4cd14,outputs/pv_p_jump_king_s2_partial
run,pv_p_leaper_s0,ppo,leaper,nature,0,100000000,99999744,True,36.852,,192,128,8,,,,,,,fp32,False,,0,,,58fa677a,outputs/pv_p_leaper_s0
run,pv_p_leaper_s1,ppo,leaper,nature,1,100000000,99999744,True,38.318,,192,128,8,,,,,,,fp32,False,,0,,,58fa677a,outputs/pv_p_leaper_s1
run,pv_p_leaper_s2,ppo,leaper,nature,2,100000000,99999744,True,41.106,,192,128,8,,,,,,,fp32,False,,0,,,58fa677a,outputs/pv_p_leaper_s2
run,pv_p_ninja_s0,ppo,ninja,nature,0,100000000,99999744,True,11.441,,192,128,8,,,,,,,fp32,False,,0,,,46a9b92d,outputs/pv_p_ninja_s0
run,pv_p_ninja_s1,ppo,ninja,nature,1,100000000,99999744,True,11.458,,192,128,8,,,,,,,fp32,False,,0,,,46a9b92d,outputs/pv_p_ninja_s1
run,pv_p_ninja_s2,ppo,ninja,nature,2,100000000,99999744,True,11.456,,192,128,8,,,,,,,fp32,False,,0,,,46a9b92d,outputs/pv_p_ninja_s2
run,pv_p_plunder_s0,ppo,plunder,nature,0,100000000,99999744,True,5.947,,192,128,8,,,,,,,fp32,False,,0,,,dac28e74,outputs/pv_p_plunder_s0
run,pv_p_plunder_s1,ppo,plunder,nature,1,100000000,99999744,True,6.98,,192,128,8,,,,,,,fp32,False,,0,,,dac28e74,outputs/pv_p_plunder_s1
run,pv_p_plunder_s2,ppo,plunder,nature,2,100000000,99999744,True,7.13,,192,128,8,,,,,,,fp32,False,,0,,,dac28e74,outputs/pv_p_plunder_s2
run,pv_p_qbert_s0,ppo,qbert,nature,0,100000000,99999744,True,300.627,,192,128,8,,,,,,,fp32,False,,0,,,06236bf2,outputs/pv_p_qbert_s0
run,pv_p_qbert_s1,ppo,qbert,nature,1,100000000,99999744,True,302.101,,192,128,8,,,,,,,fp32,False,,0,,,06236bf2,outputs/pv_p_qbert_s1
run,pv_p_qbert_s2,ppo,qbert,nature,2,100000000,99999744,True,318.985,,192,128,8,,,,,,,fp32,False,,0,,,06236bf2,outputs/pv_p_qbert_s2
run,pv_p_qbert_v2_s0,ppo,qbert.v2,nature,0,100000000,99999744,True,538.923,,192,128,8,,,,,,,fp32,False,,0,,,eaeb90f5,outputs/pv_p_qbert_v2_s0
run,pv_p_qbert_v2_s0_failed_badnode,ppo,qbert.v2,nature,0,100000000,0,False,,,192,128,8,,,,,,,fp32,False,,0,,,eaeb90f5,outputs/pv_p_qbert_v2_s0_failed_badnode
run,pv_p_qbert_v2_s1,ppo,qbert.v2,nature,1,100000000,99999744,True,538.77,,192,128,8,,,,,,,fp32,False,,0,,,eaeb90f5,outputs/pv_p_qbert_v2_s1
run,pv_p_qbert_v2_s1_failed_badnode,ppo,qbert.v2,nature,1,100000000,0,False,,,192,128,8,,,,,,,fp32,False,,0,,,eaeb90f5,outputs/pv_p_qbert_v2_s1_failed_badnode
run,pv_p_qbert_v2_s2,ppo,qbert.v2,nature,2,100000000,99999744,True,499.119,,192,128,8,,,,,,,fp32,False,,0,,,eaeb90f5,outputs/pv_p_qbert_v2_s2
run,pv_p_qbert_v2_s2_partial_35028897,ppo,qbert.v2,nature,2,100000000,29884416,False,145.333,,192,128,8,,,,,,,fp32,False,,0,,,eaeb90f5,outputs/pv_p_qbert_v2_s2_partial_35028897
run,pv_p_space_invaders_s0,ppo,space_invaders,nature,0,100000000,99999744,True,388.04,,192,128,8,,,,,,,fp32,False,,0,,,15a352b4,outputs/pv_p_space_invaders_s0
run,pv_p_space_invaders_s1,ppo,space_invaders,nature,1,100000000,99999744,True,397.881,,192,128,8,,,,,,,fp32,False,,0,,,15a352b4,outputs/pv_p_space_invaders_s1
run,pv_p_space_invaders_s2,ppo,space_invaders,nature,2,100000000,99999744,True,388.054,,192,128,8,,,,,,,fp32,False,,0,,,15a352b4,outputs/pv_p_space_invaders_s2
run,pv_p_starpilot_s0,ppo,starpilot,nature,0,100000000,99999744,True,28.701,,192,128,8,,,,,,,fp32,False,,0,,,eff33788,outputs/pv_p_starpilot_s0
run,pv_p_starpilot_s1,ppo,starpilot,nature,1,100000000,99999744,True,30.026,,192,128,8,,,,,,,fp32,False,,0,,,eff33788,outputs/pv_p_starpilot_s1
run,pv_p_starpilot_s2,ppo,starpilot,nature,2,100000000,0,False,,,192,128,8,,,,,,,fp32,False,,0,,,eff33788,outputs/pv_p_starpilot_s2
run,pv_p_vvvvvv_s0,ppo,vvvvvv,nature,0,100000000,99999744,True,131.897,,192,128,8,,,,,,,fp32,False,,0,,,d329c834,outputs/pv_p_vvvvvv_s0
run,pv_p_vvvvvv_s1,ppo,vvvvvv,nature,1,100000000,99999744,True,554.483,,192,128,8,,,,,,,fp32,False,,0,,,d329c834,outputs/pv_p_vvvvvv_s1
run,pv_p_vvvvvv_s2,ppo,vvvvvv,nature,2,100000000,99999744,True,302.195,,192,128,8,,,,,,,fp32,False,,0,,,d329c834,outputs/pv_p_vvvvvv_s2
