frame,action,room,x,y,lives,level,items,orb_count_or_score_lo,dx,dy,r0,r1,r2,r3,r4,r5,r6,r7,r8,r9,r10,r11,r12,r13,r14,r15,r16,r17,r18,r19,r20,r21,r22,r23,r24,r25,r26,r27,r28,r29,r30,r31,r32,r33,r34,r35,r36,r37,r38,r39,r40,r41,r42,r43,r44,r45,r46,r47,r48,r49,r50,r51,r52,r53,r54,r55,r56,r57,r58,r59,r60,r61,r62,r63,r64,r65,r66,r67,r68,r69,r70,r71,r72,r73,r74,r75,r76,r77,r78,r79,r80,r81,r82,r83,r84,r85,r86,r87,r88,r89,r90,r91,r92,r93,r94,r95,r96,r97,r98,r99,r100,r101,r102,r103,r104,r105,r106,r107,r108,r109,r110,r111,r112,r113,r114,r115,r116,r117,r118,r119,r120,r121,r122,r123,r124,r125,r126,r127
0,0,1,77,235,5,0,0,210,,,68,0,4,1,0,243,124,117,253,117,253,117,253,117,253,117,253,117,253,0,0,0,46,253,129,210,124,209,124,209,0,208,21,208,100,209,107,209,4,211,152,253,77,235,14,254,240,57,0,4,4,0,8,8,0,0,0,0,5,255,0,0,8,0,0,0,15,31,51,31,17,21,25,1,17,12,33,145,23,3,0,182,146,0,0,0,255,0,0,1,19,0,0,0,0,0,0,185,210,0,0,0,255,0,255,255,0,2,13,2,2,244,12,0,0,0,0,0,0,0,0,0,0,0,46,218,139,219
1,0,1,77,235,5,0,0,210,0,0,69,0,4,1,0,90,133,117,253,117,253,117,253,117,253,117,253,117,253,0,0,0,46,253,129,210,124,209,124,209,0,208,21,208,100,209,107,209,4,211,152,253,77,235,14,254,240,57,0,4,4,0,8,8,0,0,0,0,5,255,0,0,8,0,0,0,15,31,51,31,17,21,25,1,17,12,33,145,23,3,0,182,146,0,0,0,255,0,0,1,19,0,0,0,0,0,0,185,210,0,0,0,255,0,255,255,0,2,13,1,1,244,12,0,0,0,0,0,0,0,0,0,0,0,46,218,139,219
2,0,1,77,235,5,0,0,210,0,0,70,0,4,1,0,34,143,117,253,117,253,117,253,117,253,117,253,117,253,0,0,0,46,253,129,210,124,209,124,209,0,208,21,208,100,209,107,209,4,211,152,253,77,235,14,254,240,57,0,4,4,0,8,8,0,0,0,0,5,255,0,0,8,0,0,0,15,31,51,31,17,21,25,1,17,12,33,145,23,3,0,182,146,0,0,0,255,0,0,1,19,0,0,0,0,0,0,185,210,0,0,0,255,0,255,255,0,2,13,0,0,244,12,0,0,0,0,0,0,0,0,0,0,0,46,218,139,219
3,0,1,77,235,5,0,0,210,0,0,71,0,4,1,0,42,145,117,253,117,253,117,253,117,253,117,253,117,253,0,0,0,46,253,129,210,124,209,124,209,0,208,21,208,100,209,107,209,4,211,152,253,77,235,14,254,240,57,0,4,4,0,8,8,0,0,0,0,5,255,0,0,8,0,0,0,15,31,51,31,17,21,25,1,17,12,33,145,23,3,0,182,146,0,0,0,255,0,0,1,19,0,0,0,0,0,0,185,210,0,0,0,255,0,255,255,0,3,14,3,3,244,12,0,0,0,0,0,0,0,0,0,0,0,46,218,139,219
4,0,1,77,235,5,0,0,210,0,0,72,0,4,1,0,50,179,117,253,117,253,117,253,117,253,117,253,117,253,0,0,0,46,253,116,210,124,209,124,209,0,208,21,208,101,209,108,209,3,211,93,253,77,235,14,254,240,56,0,4,4,0,8,8,0,0,0,0,5,255,0,0,9,0,0,0,15,31,51,31,17,21,25,1,17,12,33,145,23,3,0,182,146,0,0,0,255,0,0,1,19,0,0,0,0,0,0,185,210,0,0,0,255,0,255,255,0,3,14,2,2,244,12,0,0,0,0,0,0,0,0,0,0,0,46,218,139,219
5,0,1,77,235,5,0,0,210,0,0,73,0,4,1,0,26,213,117,253,117,253,117,253,117,253,117,253,117,253,0,0,0,46,253,116,210,124,209,124,209,0,208,21,208,101,209,108,209,3,211,93,253,77,235,14,254,240,56,0,4,4,0,8,8,0,0,0,0,5,255,0,0,9,0,0,0,15,31,51,31,17,21,25,1,17,12,33,145,23,3,0,182,146,0,0,0,255,0,0,1,19,0,0,0,0,0,0,185,210,0,0,0,255,0,255,255,0,3,14,1,1,244,12,0,0,0,0,0,0,0,0,0,0,0,46,218,139,219
6,0,1,77,235,5,0,0,210,0,0,74,0,4,1,0,226,127,117,253,117,253,117,253,117,253,117,253,117,253,0,0,0,46,253,116,210,124,209,124,209,0,208,21,208,101,209,108,209,3,211,93,253,77,235,14,254,240,56,0,4,4,0,8,8,0,0,0,0,5,255,0,0,9,0,0,0,15,31,51,31,17,21,25,1,17,12,33,145,23,3,0,182,146,0,0,0,255,0,0,1,19,0,0,0,0,0,0,185,210,0,0,0,255,0,255,255,0,3,14,0,0,244,12,0,0,0,0,0,0,0,0,0,0,0,46,218,139,219
7,0,1,77,235,5,0,0,210,0,0,75,0,4,1,0,101,128,117,253,117,253,117,253,117,253,117,253,117,253,0,0,0,46,253,116,210,124,209,124,209,0,208,21,208,101,209,108,209,3,211,93,253,77,235,14,254,240,56,0,4,4,0,8,8,0,0,0,0,5,255,0,0,9,0,0,0,15,31,51,31,17,21,25,1,17,12,33,145,23,3,0,182,146,0,0,0,255,0,0,1,19,0,0,0,0,0,0,185,210,0,0,0,255,0,255,255,0,4,15,2,2,244,12,0,0,0,0,0,0,0,0,0,0,0,46,218,139,219
8,0,1,77,235,5,0,0,210,0,0,76,0,4,1,0,235,128,117,253,117,253,117,253,117,253,117,253,117,253,0,0,0,46,253,116,210,124,209,124,209,0,208,21,208,101,209,108,209,3,211,93,253,77,235,14,254,240,55,0,4,4,0,8,8,0,0,0,0,5,255,0,0,9,0,0,0,15,31,51,31,17,21,25,1,17,12,33,145,23,3,0,182,146,0,0,0,255,0,0,1,19,0,0,0,0,0,0,185,210,0,0,0,255,0,255,255,0,4,15,1,1,244,12,0,0,0,0,0,0,0,0,0,0,0,46,218,139,219
9,0,1,77,235,5,0,0,210,0,0,77,0,4,1,0,113,129,117,253,117,253,117,253,117,253,117,253,117,253,0,0,0,46,253,116,210,124,209,124,209,0,208,21,208,101,209,108,209,3,211,93,253,77,235,14,254,240,55,0,4,4,0,8,8,0,0,0,0,5,255,0,0,9,0,0,0,15,31,51,31,17,21,25,1,17,12,33,145,23,3,0,182,146,0,0,0,255,0,0,1,19,0,0,0,0,0,0,185,210,0,0,0,255,0,255,255,0,4,15,0,0,244,12,0,0,0,0,0,0,0,0,0,0,0,46,218,139,219
10,0,1,77,235,5,0,0,210,0,0,78,0,4,1,0,215,131,117,253,117,253,117,253,117,253,117,253,117,253,0,0,0,46,253,116,210,124,209,124,209,0,208,21,208,101,209,108,209,3,211,93,253,77,235,14,254,240,55,0,4,4,0,8,8,0,0,0,0,5,255,0,0,9,0,0,0,15,31,51,31,17,21,25,1,17,12,33,145,23,3,0,182,146,0,0,0,255,0,0,1,19,0,0,0,0,0,0,185,210,0,0,0,255,0,255,255,0,5,16,3,3,244,12,0,0,0,0,0,0,0,0,0,0,0,46,218,139,219
11,0,1,77,235,5,0,0,210,0,0,79,0,4,1,0,165,132,117,253,117,253,117,253,117,253,117,253,117,253,0,0,0,46,253,116,210,124,209,124,209,0,208,21,208,101,209,108,209,3,211,93,253,77,235,14,254,240,55,0,4,4,0,8,8,0,0,0,0,5,255,0,0,9,0,0,0,15,31,51,31,17,21,25,1,17,12,33,145,23,3,0,182,146,0,0,0,255,0,0,1,19,0,0,0,0,0,0,185,210,0,0,0,255,0,255,255,0,5,16,2,2,244,12,0,0,0,0,0,0,0,0,0,0,0,46,218,139,219
12,0,1,77,235,5,0,0,210,0,0,80,0,4,1,0,171,141,117,253,117,253,117,253,117,253,117,253,117,253,0,0,0,46,253,104,210,124,209,124,209,0,208,21,208,100,209,107,209,2,211,152,253,77,235,14,254,240,54,0,4,4,0,8,8,0,0,0,0,5,255,0,0,10,0,0,0,15,31,51,31,17,21,25,1,17,12,33,145,23,3,0,182,146,0,0,0,255,0,0,1,19,0,0,0,0,0,0,185,210,0,0,0,255,0,255,255,0,5,16,1,1,244,12,0,0,0,0,0,0,0,0,0,0,0,46,218,139,219
13,0,1,77,235,5,0,0,210,0,0,81,0,4,1,0,177,150,117,253,117,253,117,253,117,253,117,253,117,253,0,0,0,46,253,104,210,124,209,124,209,0,208,21,208,100,209,107,209,2,211,152,253,77,235,14,254,240,54,0,4,4,0,8,8,0,0,0,0,5,255,0,0,10,0,0,0,15,31,51,31,17,21,25,1,17,12,33,145,23,3,0,182,146,0,0,0,255,0,0,1,19,0,0,0,0,0,0,185,210,0,0,0,255,0,255,255,0,5,16,0,0,244,12,0,0,0,0,0,0,0,0,0,0,0,46,218,139,219
14,0,1,77,235,5,0,0,210,0,0,82,0,4,1,0,151,187,117,253,117,253,117,253,117,253,117,253,117,253,0,0,0,46,253,104,210,124,209,124,209,0,208,21,208,100,209,107,209,2,211,152,253,77,235,14,254,240,54,0,4,4,0,8,8,0,0,0,0,5,255,0,0,10,0,0,0,15,31,51,31,17,21,25,1,17,12,33,145,23,3,0,182,146,0,0,0,255,0,0,1,19,0,0,0,0,0,0,185,210,0,0,0,255,0,255,255,0,6,17,2,2,244,12,0,0,0,0,0,0,0,0,0,0,0,46,218,139,219
15,0,1,77,235,5,0,0,210,0,0,83,0,4,1,0,101,204,117,253,117,253,117,253,117,253,117,253,117,253,0,0,0,46,253,104,210,124,209,124,209,0,208,21,208,100,209,107,209,2,211,152,253,77,235,14,254,240,54,0,4,4,0,8,8,0,0,0,0,5,255,0,0,10,0,0,0,15,31,51,31,17,21,25,1,17,12,33,145,23,3,0,182,146,0,0,0,255,0,0,1,19,0,0,0,0,0,0,185,210,0,0,0,255,0,255,255,0,6,17,1,1,244,12,0,0,0,0,0,0,0,0,0,0,0,46,218,139,219
16,0,1,77,235,5,0,0,210,0,0,84,0,4,1,0,235,84,117,253,117,253,117,253,117,253,117,253,117,253,0,0,0,46,253,104,210,124,209,124,209,0,208,21,208,100,209,107,209,2,211,152,253,77,235,14,254,240,53,0,4,4,0,8,8,0,0,0,0,5,255,0,0,10,0,0,0,15,31,51,31,17,21,25,1,17,12,33,145,23,3,0,182,146,0,0,0,255,0,0,1,19,0,0,0,0,0,0,185,210,0,0,0,255,0,255,255,0,6,17,0,0,244,12,0,0,0,0,0,0,0,0,0,0,0,46,218,139,219
17,0,1,77,235,5,0,0,210,0,0,85,0,4,1,0,114,253,117,253,117,253,117,253,117,253,117,253,117,253,0,0,0,46,253,104,210,124,209,124,209,0,208,21,208,100,209,107,209,2,211,152,253,77,235,14,254,240,53,0,4,4,0,8,8,0,0,0,0,5,255,0,0,10,0,0,0,15,31,51,31,17,21,25,1,17,12,33,145,23,3,0,182,146,0,0,0,255,0,0,1,19,0,0,0,0,0,0,185,210,0,0,0,255,0,255,255,0,7,18,3,3,244,12,0,0,0,0,0,0,0,0,0,0,0,46,218,139,219
18,0,1,77,235,5,0,0,210,0,0,86,0,4,1,0,218,7,117,253,117,253,117,253,117,253,117,253,117,253,0,0,0,46,253,104,210,124,209,124,209,0,208,21,208,100,209,107,209,2,211,152,253,77,235,14,254,240,53,0,4,4,0,8,8,0,0,0,0,5,255,0,0,10,0,0,0,15,31,51,31,17,21,25,1,17,12,33,145,23,3,0,182,146,0,0,0,255,0,0,1,19,0,0,0,0,0,0,185,210,0,0,0,255,0,255,255,0,7,18,2,2,244,12,0,0,0,0,0,0,0,0,0,0,0,46,218,139,219
19,0,1,77,235,5,0,0,210,0,0,87,0,4,1,0,173,8,117,253,117,253,117,253,117,253,117,253,117,253,0,0,0,46,253,104,210,124,209,124,209,0,208,21,208,100,209,107,209,2,211,152,253,77,235,14,254,240,53,0,4,4,0,8,8,0,0,0,0,5,255,0,0,10,0,0,0,15,31,51,31,17,21,25,1,17,12,33,145,23,3,0,182,146,0,0,0,255,0,0,1,19,0,0,0,0,0,0,185,210,0,0,0,255,0,255,255,0,7,18,1,1,244,12,0,0,0,0,0,0,0,0,0,0,0,46,218,139,219
20,3,1,78,235,5,0,0,210,1,0,88,0,4,1,0,176,25,117,253,117,253,117,253,117,253,117,253,117,253,0,0,0,46,253,92,210,124,209,124,209,0,208,21,208,101,209,108,209,1,211,93,253,78,235,14,254,240,52,0,4,4,0,128,18,0,0,0,0,5,255,0,0,11,0,0,0,15,31,51,31,17,21,25,1,17,12,33,145,23,3,0,182,146,0,0,0,255,0,0,77,19,0,0,0,0,0,0,185,210,0,0,0,127,128,255,255,0,7,18,0,0,244,12,0,0,0,0,0,0,0,0,0,0,0,46,218,139,219
21,3,1,79,235,5,0,0,210,1,0,89,0,4,1,0,147,42,117,253,117,253,117,253,117,253,117,253,117,253,0,0,0,46,253,92,210,124,209,124,209,0,208,21,208,101,209,108,209,1,211,93,253,79,235,14,254,240,52,0,4,4,0,128,18,0,0,0,0,5,255,0,0,11,0,0,0,15,31,51,31,17,21,25,1,17,12,33,145,23,3,0,182,146,0,0,0,255,0,0,78,19,0,0,0,0,0,0,185,210,0,0,0,127,128,255,255,0,8,19,2,2,244,12,0,0,0,0,0,0,0,0,0,0,0,46,218,139,219
22,3,1,80,235,5,0,0,210,1,0,90,0,4,1,0,122,127,117,253,117,253,117,253,117,253,117,253,117,253,0,0,0,46,253,92,210,124,209,124,209,0,208,21,208,101,209,108,209,1,211,93,253,80,235,14,254,240,52,0,4,4,0,128,18,0,0,0,0,5,255,0,0,11,0,0,0,15,31,51,31,17,21,25,1,17,12,33,145,23,3,0,182,146,0,0,0,255,0,0,79,19,0,0,0,0,0,0,185,210,0,0,0,127,128,255,255,0,8,19,1,1,244,12,0,0,0,0,0,0,0,0,0,0,0,46,218,139,219
23,3,1,81,235,5,0,0,210,1,0,91,0,4,1,0,205,129,117,253,117,253,117,253,117,253,117,253,117,253,0,0,0,46,253,92,210,124,209,124,209,0,208,21,208,101,209,108,209,1,211,93,253,81,235,14,254,240,52,0,4,4,0,128,18,0,0,0,0,5,255,0,0,11,0,0,0,15,31,51,31,17,21,25,1,17,12,33,145,23,3,0,182,146,0,0,0,255,0,0,80,19,0,0,0,0,0,0,185,210,0,0,0,127,128,255,255,0,8,19,0,0,244,12,0,0,0,0,0,0,0,0,0,0,0,46,218,139,219
24,3,1,82,235,5,0,0,210,1,0,92,0,4,1,0,147,130,117,253,117,253,117,253,117,253,117,253,117,253,0,0,0,46,253,92,210,124,209,124,209,42,208,21,208,101,209,108,209,1,211,93,253,82,235,14,254,240,51,0,4,4,0,128,18,1,0,0,0,5,255,0,0,11,0,0,0,15,31,51,31,17,21,25,1,17,12,33,145,23,3,0,182,146,0,0,0,255,0,0,81,19,0,0,0,0,0,0,185,210,0,0,0,127,128,255,255,0,9,20,12,12,244,12,0,0,0,0,0,0,0,0,0,0,0,46,218,139,219
25,3,1,83,235,5,0,0,210,1,0,93,0,4,1,0,121,135,117,253,117,253,117,253,117,253,117,253,117,253,0,0,0,46,253,92,210,124,209,124,209,42,208,21,208,101,209,108,209,1,211,93,253,83,235,14,254,240,51,0,4,4,0,128,18,1,0,0,0,5,255,0,0,11,0,0,0,15,31,51,31,17,21,25,1,17,12,33,145,23,3,0,182,146,0,0,0,255,0,0,82,18,0,0,0,0,0,0,185,210,0,0,0,127,128,255,255,0,9,20,11,11,244,12,0,0,0,0,0,0,0,0,0,0,0,46,218,139,219
26,3,1,84,235,5,0,0,210,1,0,94,0,4,1,0,207,137,117,253,117,253,117,253,117,253,117,253,117,253,0,0,0,46,253,92,210,124,209,124,209,42,208,21,208,101,209,108,209,1,211,93,253,84,235,14,254,240,51,0,4,4,0,128,18,1,0,0,0,5,255,0,0,11,0,0,0,15,31,51,31,17,21,25,1,17,12,33,145,23,3,0,182,146,0,0,0,255,0,0,83,18,0,0,0,0,0,0,185,210,0,0,0,127,128,255,255,0,9,20,10,10,244,12,0,0,0,0,0,0,0,0,0,0,0,46,218,139,219
27,3,1,85,235,5,0,0,210,1,0,95,0,4,1,0,173,154,117,253,117,253,117,253,117,253,117,253,117,253,0,0,0,46,253,92,210,124,209,124,209,42,208,21,208,101,209,108,209,1,211,93,253,85,235,14,254,240,51,0,4,4,0,128,18,1,0,0,0,5,255,0,0,11,0,0,0,15,31,51,31,17,21,25,1,17,12,33,145,23,3,0,182,146,0,0,0,255,0,0,84,18,0,0,0,0,0,0,185,210,0,0,0,127,128,255,255,0,9,20,9,9,244,12,0,0,0,0,0,0,0,0,0,0,0,46,218,139,219
28,3,1,86,235,5,0,0,210,1,0,96,0,4,1,0,179,175,117,253,117,253,117,253,117,253,117,253,117,253,0,0,0,46,253,80,210,124,209,124,209,0,208,21,208,100,209,107,209,4,211,152,253,86,235,14,254,240,50,0,4,4,0,128,18,0,0,0,0,5,255,0,0,12,0,0,0,15,31,51,31,17,21,25,1,17,12,33,145,23,3,0,182,146,0,0,0,255,0,0,85,18,0,0,0,0,0,0,185,210,0,0,0,127,128,255,255,0,9,20,8,8,244,12,0,0,0,0,0,0,0,0,0,0,0,46,218,139,219
29,3,1,87,235,5,0,0,210,1,0,97,0,4,1,0,153,240,117,253,117,253,117,253,117,253,117,253,117,253,0,0,0,46,253,80,210,124,209,124,209,0,208,21,208,100,209,107,209,4,211,152,253,87,235,14,254,240,50,0,4,4,0,128,18,0,0,0,0,5,255,0,0,12,0,0,0,15,31,51,31,17,21,25,1,17,12,33,145,23,3,0,182,146,0,0,0,255,0,0,86,19,0,0,0,0,0,0,185,210,0,0,0,127,128,255,255,0,9,20,7,7,244,12,0,0,0,0,0,0,0,0,0,0,0,46,218,139,219
30,3,1,88,235,5,0,0,210,1,0,98,0,4,1,0,111,17,117,253,117,253,117,253,117,253,117,253,117,253,0,0,0,46,253,80,210,124,209,124,209,0,208,21,208,100,209,107,209,4,211,152,253,88,235,14,254,240,50,0,4,4,0,128,18,0,0,0,0,5,255,0,0,12,0,0,0,15,31,51,31,17,21,25,1,17,12,33,145,23,3,0,182,146,0,0,0,255,0,0,87,19,0,0,0,0,0,0,185,210,0,0,0,127,128,255,255,0,9,20,6,6,244,12,0,0,0,0,0,0,0,0,0,0,0,46,218,139,219
31,3,1,89,235,5,0,0,210,1,0,99,0,7,1,0,205,51,117,253,117,253,117,253,117,253,117,253,117,253,0,0,0,46,253,80,210,124,209,124,209,0,208,21,208,100,209,107,209,4,211,152,253,89,235,14,254,240,50,0,4,4,0,128,18,0,0,0,0,5,255,0,0,12,0,0,0,15,31,51,31,17,21,25,1,17,12,33,145,23,3,0,182,146,0,0,0,255,0,0,88,19,0,0,0,0,0,0,185,210,0,0,0,127,128,255,255,0,9,20,5,5,244,12,0,0,0,0,0,0,0,0,0,0,0,46,218,139,219
32,3,1,89,233,5,0,0,210,0,-2,100,0,7,1,0,147,84,117,253,117,253,117,253,117,253,117,253,117,253,0,0,0,46,253,80,210,124,209,124,209,42,208,21,208,100,209,107,209,4,211,152,253,89,233,14,254,240,49,0,4,4,0,128,8,1,0,0,0,5,255,0,0,12,0,0,0,15,31,51,31,17,21,25,1,17,12,33,145,23,3,0,182,146,0,0,0,255,0,1,0,19,0,0,0,0,0,0,185,210,0,0,0,127,128,255,255,0,9,20,4,4,244,12,0,0,0,0,0,0,0,0,0,0,0,46,218,124,182
33,3,1,89,231,5,0,0,210,0,-2,101,0,7,1,0,121,253,117,253,117,253,117,253,117,253,117,253,117,253,0,0,0,46,253,80,210,124,209,124,209,0,208,21,208,100,209,107,209,4,211,152,253,89,231,14,254,240,49,0,4,4,0,128,8,0,0,0,0,5,255,0,0,12,0,0,0,15,31,51,31,17,21,25,1,17,12,33,145,23,3,0,182,146,0,0,0,255,0,2,0,18,0,0,250,0,0,0,185,210,0,0,0,127,128,255,255,0,9,20,3,3,244,12,0,0,0,0,0,0,0,0,0,0,0,46,218,124,182
34,3,1,89,229,5,0,0,210,0,-2,102,0,7,1,0,206,7,117,253,117,253,117,253,117,253,117,253,117,253,0,0,0,46,253,80,210,124,209,124,209,0,208,21,208,100,209,107,209,4,211,152,253,89,229,14,254,240,49,0,4,4,0,128,8,0,0,0,0,5,255,0,0,12,0,0,0,15,31,51,31,17,21,25,1,17,12,33,145,23,3,0,182,146,0,0,0,255,0,3,0,19,0,0,0,0,0,0,185,210,0,0,0,127,128,255,255,0,9,20,2,2,244,12,0,0,0,0,0,0,0,0,0,0,0,46,218,124,182
35,3,1,89,227,5,0,0,210,0,-2,103,0,7,1,0,174,8,117,253,117,253,117,253,117,253,117,253,117,253,0,0,0,46,253,80,210,124,209,124,209,0,208,21,208,100,209,107,209,4,211,152,253,89,227,14,254,240,49,0,4,4,0,128,8,0,0,0,0,5,255,0,0,12,0,0,0,15,31,51,31,17,21,25,1,17,12,33,145,23,3,0,182,146,0,0,0,255,0,4,0,19,0,0,0,0,0,0,185,210,0,0,0,127,128,255,255,0,9,20,1,1,244,12,0,0,0,0,0,0,0,0,0,0,0,46,218,124,182
36,3,1,89,225,5,0,0,210,0,-2,104,0,7,1,0,142,25,117,253,117,253,117,253,117,253,117,253,117,253,0,0,0,46,253,68,210,124,209,124,209,0,208,21,208,101,209,108,209,3,211,93,253,89,225,14,254,240,48,0,4,4,0,128,8,0,0,0,0,5,255,0,0,13,0,0,0,15,31,51,31,17,21,25,1,17,12,33,145,23,3,0,182,146,0,0,0,255,0,5,0,19,0,0,0,0,0,0,185,210,0,0,0,127,128,255,255,0,9,20,0,0,244,12,0,0,0,0,0,0,0,0,0,0,0,46,218,124,182
37,3,1,89,223,5,0,0,210,0,-2,105,0,7,1,0,110,42,117,253,117,253,117,253,117,253,117,253,117,253,0,0,0,46,253,68,210,124,209,124,209,0,208,21,208,101,209,108,209,3,211,93,253,89,223,14,254,240,48,0,4,4,0,128,8,0,0,0,0,5,255,0,0,13,0,0,0,15,31,51,31,17,21,25,1,17,12,33,145,23,3,0,182,146,0,0,0,255,0,6,0,19,0,0,0,0,0,0,185,210,0,0,0,127,128,255,255,0,10,21,2,2,244,12,0,0,0,0,0,0,0,0,0,0,0,46,218,124,182
38,3,1,89,221,5,0,0,210,0,-2,106,0,7,1,0,206,126,117,253,117,253,117,253,117,253,117,253,117,253,0,0,0,46,253,68,210,124,209,124,209,0,208,21,208,101,209,108,209,3,211,93,253,89,221,14,254,240,48,0,4,4,0,128,8,0,0,0,0,5,255,0,0,13,0,0,0,15,31,51,31,17,21,25,1,17,12,33,145,23,3,0,182,146,0,0,0,255,0,7,0,19,0,0,0,0,0,0,185,210,0,0,0,127,128,255,255,0,10,21,1,1,244,12,0,0,0,0,0,0,0,0,0,0,0,46,218,124,182
39,3,1,89,219,5,0,0,210,0,-2,107,0,7,1,0,174,131,117,253,117,253,117,253,117,253,117,253,117,253,0,0,0,46,253,68,210,124,209,124,209,0,208,21,208,101,209,108,209,3,211,93,253,89,219,14,254,240,48,0,4,4,0,128,8,0,0,0,0,5,255,0,0,13,0,0,0,15,31,51,31,17,21,25,1,17,12,33,145,23,3,0,182,146,0,0,0,255,0,8,0,19,0,0,0,0,0,0,185,210,0,0,0,127,128,255,255,0,10,21,0,0,244,12,0,0,0,0,0,0,0,0,0,0,0,46,218,124,182
40,3,1,89,217,5,0,0,210,0,-2,108,0,7,1,0,143,132,117,253,117,253,117,253,117,253,117,253,117,253,0,0,0,46,253,68,210,124,209,124,209,0,208,21,208,101,209,108,209,3,211,93,253,89,217,14,254,240,47,0,4,4,0,128,8,0,0,0,0,5,255,0,0,13,0,0,0,15,31,51,31,17,21,25,1,17,12,33,145,23,3,0,182,146,0,0,0,255,0,9,0,19,0,0,0,0,0,0,185,210,0,0,0,127,128,255,255,0,10,21,0,0,0,0,0,0,0,0,0,0,0,0,0,0,0,46,218,124,182
41,3,1,89,215,5,0,0,210,0,-2,109,0,7,1,0,108,141,117,253,117,253,117,253,117,253,117,253,117,253,0,0,0,46,253,68,210,124,209,124,209,0,208,21,208,101,209,108,209,3,211,93,253,89,215,14,254,240,47,0,4,4,0,128,8,0,0,0,0,5,255,0,0,13,0,0,0,15,31,51,31,17,21,25,1,17,12,33,145,23,3,0,182,146,0,0,0,255,0,10,0,19,0,0,0,0,0,0,185,210,0,0,0,127,128,255,255,0,10,21,0,0,0,0,0,0,0,0,0,0,0,0,0,0,0,46,218,124,182
42,3,1,89,213,5,0,0,210,0,-2,110,0,7,1,0,241,151,117,253,117,253,117,253,117,253,117,253,117,253,0,0,0,46,253,68,210,124,209,124,209,0,208,21,208,101,209,108,209,3,211,93,253,89,213,14,254,240,47,0,4,4,0,128,8,0,0,0,0,5,255,0,0,13,0,0,0,15,31,51,31,17,21,25,1,17,12,33,145,23,3,0,182,146,0,0,0,255,0,11,0,19,0,0,0,0,0,0,185,210,0,0,0,127,128,255,255,0,10,21,0,0,0,0,0,0,0,0,0,0,0,0,0,0,0,46,218,124,182
43,3,1,89,211,5,0,0,210,0,-2,111,0,7,1,0,86,184,117,253,117,253,117,253,117,253,117,253,117,253,0,0,0,46,253,68,210,124,209,124,209,0,208,21,208,101,209,108,209,3,211,93,253,89,211,14,254,240,47,0,4,4,0,128,8,0,0,0,0,5,255,0,0,13,0,0,0,15,31,51,31,17,21,25,1,17,12,33,145,23,3,0,182,146,0,0,0,255,0,12,0,19,0,0,0,0,0,0,185,210,0,0,0,127,128,255,255,0,10,21,0,0,0,0,0,0,0,0,0,0,0,0,0,0,0,46,218,124,182
44,3,1,89,209,5,0,0,210,0,-2,112,0,7,1,0,39,200,117,253,117,253,117,253,117,253,117,253,117,253,0,0,0,46,253,56,210,124,209,124,209,0,208,21,208,100,209,107,209,2,211,152,253,89,209,14,254,240,46,0,4,4,0,128,8,0,0,0,0,5,255,0,0,14,0,0,0,15,31,51,31,17,21,25,1,17,12,33,145,23,3,0,182,146,0,0,0,255,0,13,0,19,0,0,0,0,0,0,185,210,0,0,0,127,128,255,255,0,10,21,0,0,0,0,0,0,0,0,0,0,0,0,0,0,0,46,218,124,182
45,3,1,89,207,5,0,0,210,0,-2,113,0,7,1,0,52,88,117,253,117,253,117,253,117,253,117,253,117,253,0,0,0,46,253,56,210,124,209,124,209,0,208,21,208,100,209,107,209,2,211,152,253,89,207,14,254,240,46,0,4,4,0,128,8,0,0,0,0,5,255,0,0,14,0,0,0,15,31,51,31,17,21,25,1,17,12,33,145,23,3,0,182,146,0,0,0,255,0,14,0,19,0,0,0,0,0,0,185,210,0,0,0,127,128,255,255,0,10,21,0,0,0,0,0,0,0,0,0,0,0,0,0,0,0,46,218,124,182
46,3,1,89,205,5,0,0,210,0,-2,114,0,7,1,0,24,232,117,253,117,253,117,253,117,253,117,253,117,253,0,0,0,46,253,56,210,124,209,124,209,0,208,21,208,100,209,107,209,2,211,152,253,89,205,14,254,240,46,0,4,4,0,128,8,0,0,0,0,5,255,0,0,14,0,0,0,15,31,51,31,17,21,25,1,17,12,33,145,23,3,0,182,146,0,0,0,255,0,15,0,19,0,0,0,0,0,0,185,210,0,0,0,127,128,255,255,0,10,21,0,0,0,0,0,0,0,0,0,0,0,0,0,0,0,46,218,124,182
47,3,1,89,203,5,0,0,210,0,-2,115,0,7,1,0,237,56,117,253,117,253,117,253,117,253,117,253,117,253,0,0,0,46,253,56,210,124,209,124,209,0,208,21,208,100,209,107,209,2,211,152,253,89,203,14,254,240,46,0,4,4,0,128,8,0,0,0,0,5,255,0,0,14,0,0,0,15,31,51,31,17,21,25,1,17,12,33,145,23,3,0,182,146,0,0,0,255,0,16,0,19,0,0,0,0,0,0,185,210,0,0,0,127,128,255,255,0,10,21,0,0,0,0,0,0,0,0,0,0,0,0,0,0,0,46,218,124,182
48,3,1,89,201,5,0,0,210,0,-2,116,0,7,1,0,115,73,117,253,117,253,117,253,117,253,117,253,117,253,0,0,0,46,253,56,210,124,209,124,209,0,208,21,208,100,209,107,209,2,211,152,253,89,201,14,254,240,45,0,4,4,0,128,8,0,0,0,0,5,255,0,0,14,0,0,0,15,31,51,31,17,21,25,1,17,12,33,145,23,3,0,182,146,0,0,0,255,0,17,0,19,0,0,0,0,0,0,185,210,0,0,0,127,128,255,255,0,10,21,0,0,0,0,0,0,0,0,0,0,0,0,0,0,0,46,218,124,182
49,3,1,89,199,5,0,0,210,0,-2,117,0,7,1,0,217,219,117,253,117,253,117,253,117,253,117,253,117,253,0,0,0,46,253,56,210,124,209,124,209,0,208,21,208,100,209,107,209,2,211,152,253,89,199,14,254,240,45,0,4,4,0,128,8,0,0,0,0,5,255,0,0,14,0,0,0,15,31,51,31,17,21,25,1,17,12,33,145,23,3,0,182,146,0,0,0,255,0,18,0,19,0,0,0,0,0,0,185,210,0,0,0,127,128,255,255,0,10,21,0,0,0,0,0,0,0,0,0,0,0,0,0,0,0,46,218,124,182
50,3,1,89,197,5,0,0,210,0,-2,118,0,7,1,0,174,108,117,253,117,253,117,253,117,253,117,253,117,253,0,0,0,46,253,56,210,124,209,124,209,0,208,21,208,100,209,107,209,2,211,152,253,89,197,14,254,240,45,0,4,4,0,128,8,0,0,0,0,5,255,0,0,14,0,0,0,15,31,51,31,17,21,25,1,17,12,33,145,23,3,0,182,146,0,0,0,255,0,19,0,19,0,0,0,0,0,0,185,210,0,0,0,127,128,255,255,0,10,21,0,0,0,0,0,0,0,0,0,0,0,0,0,0,0,46,218,124,182
51,3,1,89,195,5,0,0,210,0,-2,119,0,7,1,0,142,181,117,253,117,253,117,253,117,253,117,253,117,253,0,0,0,46,253,56,210,124,209,124,209,0,208,21,208,100,209,107,209,2,211,152,253,89,195,14,254,240,45,0,4,4,0,128,8,0,0,0,0,5,255,0,0,14,0,0,0,15,31,51,31,17,21,25,1,17,12,33,145,23,3,0,182,146,0,0,0,255,0,20,0,19,0,0,0,0,0,0,185,210,0,0,0,127,128,255,255,0,10,21,0,0,0,0,0,0,0,0,0,0,0,0,0,0,0,46,218,124,182
52,3,1,89,192,4,0,0,210,0,-3,120,0,6,1,0,111,222,117,253,117,253,117,253,117,253,117,253,117,253,0,0,0,46,253,40,210,124,209,124,209,0,208,21,208,101,209,108,209,1,211,93,253,89,192,14,254,240,44,0,4,4,0,128,22,0,12,0,0,4,255,0,0,15,0,0,0,15,31,51,31,17,21,25,1,17,12,33,145,23,3,0,182,146,0,0,0,255,0,0,0,19,0,0,0,0,0,0,185,210,0,2,0,127,128,255,255,0,86,90,0,0,241,15,0,0,0,0,0,0,0,0,0,0,0,46,218,116,182
53,3,1,89,192,4,0,0,210,0,0,121,0,6,1,0,205,98,117,253,117,253,117,253,117,253,117,253,117,253,0,0,0,46,253,40,210,124,209,124,209,186,208,216,208,101,209,108,209,1,211,93,253,89,192,14,254,240,44,0,4,4,0,128,22,6,12,0,0,4,255,0,0,15,0,0,0,15,31,51,31,17,21,25,1,17,12,33,145,23,3,0,182,146,0,0,0,255,0,0,0,19,11,0,0,0,0,0,185,210,0,2,0,127,128,255,255,0,87,91,0,0,241,15,0,0,0,0,0,0,0,0,0,0,0,46,218,102,183
54,3,1,89,192,4,0,0,210,0,0,122,0,6,1,0,144,167,117,253,117,253,117,253,117,253,117,253,117,253,0,0,0,46,253,40,210,124,209,124,209,186,208,216,208,101,209,108,209,1,211,93,253,89,192,14,254,240,44,0,4,4,0,128,22,6,12,0,0,4,255,0,0,15,0,0,0,15,31,51,31,17,21,25,1,17,12,33,145,23,3,0,182,146,0,0,0,255,0,0,0,13,11,0,0,0,0,0,185,210,0,2,0,127,128,255,255,0,88,92,0,1,241,15,0,0,0,0,0,0,0,0,0,0,0,46,218,102,183
55,3,1,89,192,4,0,0,210,0,0,123,0,6,1,0,116,232,117,253,117,253,117,253,117,253,117,253,117,253,0,0,0,46,253,40,210,124,209,124,209,186,208,216,208,101,209,108,209,1,211,93,253,89,192,14,254,240,44,0,4,4,0,128,22,6,12,0,0,4,255,0,0,15,0,0,0,15,31,51,31,17,21,25,1,17,12,33,145,23,3,0,182,146,0,0,0,255,0,0,0,13,11,0,0,0,0,0,185,210,0,2,0,127,128,255,255,0,88,92,0,0,0,15,0,0,0,0,0,0,0,0,0,0,0,46,218,102,183
56,3,1,89,192,4,0,0,210,0,0,124,0,6,1,0,216,56,117,253,117,253,117,253,117,253,117,253,117,253,0,0,0,46,253,40,210,124,209,124,209,201,208,216,208,101,209,108,209,1,211,93,253,89,192,14,254,240,44,0,4,4,0,128,22,6,11,0,0,4,255,0,0,15,0,0,0,15,31,51,31,17,21,25,1,17,12,33,145,23,3,0,182,146,0,0,0,255,0,0,0,13,11,0,0,0,0,0,185,210,0,2,0,127,128,255,255,0,88,92,0,0,0,0,0,0,0,0,0,0,0,0,0,0,0,46,218,102,183
57,3,1,89,192,4,0,0,210,0,0,125,0,6,1,0,171,73,117,253,117,253,117,253,117,253,117,253,117,253,0,0,0,46,253,40,210,124,209,124,209,201,208,216,208,101,209,108,209,1,211,93,253,89,192,14,254,240,44,0,4,4,0,128,22,6,11,0,0,4,255,0,0,15,0,0,0,15,31,51,31,17,21,25,1,17,12,33,145,23,3,0,182,146,0,0,0,255,0,0,0,13,11,0,0,0,0,0,185,210,0,2,0,127,128,255,255,0,88,92,0,0,0,0,0,0,0,0,0,0,0,0,0,0,0,46,218,102,183
58,3,1,89,192,4,0,0,210,0,0,126,0,6,1,0,178,218,117,253,117,253,117,253,117,253,117,253,117,253,0,0,0,46,253,40,210,124,209,124,209,201,208,216,208,101,209,108,209,1,211,93,253,89,192,14,254,240,44,0,4,4,0,128,22,6,11,0,0,4,255,0,0,15,0,0,0,15,31,51,31,17,21,25,1,17,12,33,145,23,3,0,182,146,0,0,0,255,0,0,0,13,11,0,0,0,0,0,185,210,0,2,0,127,128,255,255,0,88,92,0,0,0,0,0,0,0,0,0,0,0,0,0,0,0,46,218,102,183
59,3,1,89,192,4,0,0,210,0,0,127,0,6,1,0,154,111,117,253,117,253,117,253,117,253,117,253,117,253,0,0,0,46,253,40,210,124,209,124,209,201,208,216,208,101,209,108,209,1,211,93,253,89,192,14,254,240,44,0,4,4,0,128,22,6,11,0,0,4,255,0,0,15,0,0,0,15,31,51,31,17,21,25,1,17,12,33,145,23,3,0,182,146,0,0,0,255,0,0,0,13,11,0,0,0,0,0,185,210,0,2,0,127,128,255,255,0,88,92,0,0,0,0,0,0,0,0,0,0,0,0,0,0,0,46,218,102,183
60,0,1,89,192,4,0,0,210,0,0,128,0,6,1,0,109,176,117,253,117,253,117,253,117,253,117,253,117,253,0,0,0,46,253,40,210,124,209,124,209,186,208,216,208,232,209,117,253,4,211,152,253,89,192,14,254,240,44,0,4,4,0,128,22,6,10,0,0,4,255,0,0,15,0,0,0,15,31,51,31,17,21,25,1,17,12,33,145,23,3,0,182,146,36,0,0,255,0,0,0,13,11,0,0,0,0,0,185,210,0,2,0,255,128,255,255,0,88,92,0,0,0,0,0,0,0,0,0,0,0,0,0,0,0,46,218,102,183
61,0,1,89,192,4,0,0,210,0,0,129,0,6,1,0,243,208,117,253,117,253,117,253,117,253,117,253,117,253,0,0,0,46,253,40,210,124,209,124,209,186,208,216,208,232,209,117,253,4,211,152,253,89,192,14,254,240,44,0,4,4,0,128,22,6,10,0,0,4,255,0,0,15,0,0,0,15,31,51,31,17,21,25,1,17,12,33,145,23,3,0,182,146,35,0,0,255,0,0,0,13,11,0,0,0,0,0,185,210,0,2,0,255,128,255,255,0,88,92,0,0,0,0,0,0,0,0,0,0,0,0,0,0,0,46,218,102,183
62,0,1,89,192,4,0,0,210,0,0,130,0,6,1,0,89,113,117,253,117,253,117,253,117,253,117,253,117,253,0,0,0,46,253,40,210,124,209,124,209,186,208,216,208,232,209,117,253,4,211,152,253,89,192,14,254,240,44,0,4,4,0,128,22,6,10,0,0,4,255,0,0,15,0,0,0,15,31,51,31,17,21,25,1,17,12,33,145,23,3,0,182,146,34,0,0,255,0,0,0,13,11,0,0,0,0,0,185,210,0,2,0,255,128,255,255,0,88,92,0,0,0,0,0,0,0,0,0,0,0,0,0,0,0,46,218,102,183
63,0,1,89,192,4,0,0,210,0,0,131,0,6,1,0,44,147,117,253,117,253,117,253,117,253,117,253,117,253,0,0,0,46,253,40,210,124,209,124,209,186,208,216,208,232,209,117,253,4,211,152,253,89,192,14,254,240,44,0,4,4,0,128,22,6,10,0,0,4,255,0,0,15,0,0,0,15,31,51,31,17,21,25,1,17,12,33,145,23,3,0,182,146,33,0,0,255,0,0,0,13,11,0,0,0,0,0,185,210,0,2,0,255,128,255,255,0,88,92,0,0,0,0,0,0,0,0,0,0,0,0,0,0,0,46,218,102,183
64,0,1,89,192,4,0,0,210,0,0,132,0,6,1,0,48,181,117,253,117,253,117,253,117,253,117,253,117,253,0,0,0,46,253,40,210,124,209,124,209,201,208,216,208,232,209,117,253,4,211,152,253,89,192,14,254,240,44,0,4,4,0,128,22,6,9,0,0,4,255,0,0,15,0,0,0,15,31,51,31,17,21,25,1,17,12,33,145,23,3,0,182,146,32,0,0,255,0,0,0,13,11,0,0,0,0,0,185,210,0,2,0,255,128,255,255,0,88,92,0,0,0,0,0,0,0,0,0,0,0,0,0,0,0,46,218,102,183
65,0,1,89,192,4,0,0,210,0,0,133,0,6,1,0,20,223,117,253,117,253,117,253,117,253,117,253,117,253,0,0,0,46,253,40,210,124,209,124,209,201,208,216,208,232,209,117,253,4,211,152,253,89,192,14,254,240,44,0,4,4,0,128,22,6,9,0,0,4,255,0,0,15,0,0,0,15,31,51,31,17,21,25,1,17,12,33,145,23,3,0,182,146,31,0,0,255,0,0,0,13,11,0,0,0,0,0,185,210,0,2,0,255,128,255,255,0,88,92,0,0,0,0,0,0,0,0,0,0,0,0,0,0,0,46,218,102,183
66,0,1,89,192,4,0,0,210,0,0,134,0,6,1,0,248,97,117,253,117,253,117,253,117,253,117,253,117,253,0,0,0,46,253,40,210,124,209,124,209,201,208,216,208,232,209,117,253,4,211,152,253,89,192,14,254,240,44,0,4,4,0,128,22,6,9,0,0,4,255,0,0,15,0,0,0,15,31,51,31,17,21,25,1,17,12,33,145,23,3,0,182,146,30,0,0,255,0,0,0,13,11,0,0,0,0,0,185,210,0,2,0,255,128,255,255,0,88,92,0,0,0,0,0,0,0,0,0,0,0,0,0,0,0,46,218,102,183
67,0,1,89,192,4,0,0,210,0,0,135,0,6,1,0,75,162,117,253,117,253,117,253,117,253,117,253,117,253,0,0,0,46,253,40,210,124,209,124,209,201,208,216,208,232,209,117,253,4,211,152,253,89,192,14,254,240,44,0,4,4,0,128,22,6,9,0,0,4,255,0,0,15,0,0,0,15,31,51,31,17,21,25,1,17,12,33,145,23,3,0,182,146,29,0,0,255,0,0,0,13,11,0,0,0,0,0,185,210,0,2,0,255,128,255,255,0,88,92,0,0,0,0,0,0,0,0,0,0,0,0,0,0,0,46,218,102,183
68,0,1,89,192,4,0,0,210,0,0,136,0,6,1,0,17,230,117,253,117,253,117,253,117,253,117,253,117,253,0,0,0,46,253,40,210,124,209,124,209,186,208,216,208,232,209,117,253,3,211,93,253,89,192,14,254,240,44,0,4,4,0,128,22,6,8,0,0,4,255,0,0,15,0,0,0,15,31,51,31,17,21,25,1,17,12,33,145,23,3,0,182,146,28,0,0,255,0,0,0,13,11,0,0,0,0,0,185,210,0,2,0,255,128,255,255,0,88,92,0,0,0,0,0,0,0,0,0,0,0,0,0,0,0,46,218,102,183
69,0,1,89,192,4,0,0,210,0,0,137,0,6,1,0,247,42,117,253,117,253,117,253,117,253,117,253,117,253,0,0,0,46,253,40,210,124,209,124,209,186,208,216,208,232,209,117,253,3,211,93,253,89,192,14,254,240,44,0,4,4,0,128,22,6,8,0,0,4,255,0,0,15,0,0,0,15,31,51,31,17,21,25,1,17,12,33,145,23,3,0,182,146,27,0,0,255,0,0,0,13,11,0,0,0,0,0,185,210,0,2,0,255,128,255,255,0,88,92,0,0,0,0,0,0,0,0,0,0,0,0,0,0,0,46,218,102,183
70,4,1,89,192,4,0,0,210,0,0,138,0,6,1,0,70,127,117,253,117,253,117,253,117,253,117,253,117,253,0,0,0,46,253,40,210,124,209,124,209,186,208,216,208,232,209,117,253,3,211,93,253,89,192,14,254,240,44,0,4,4,0,128,22,6,8,0,0,4,255,0,0,15,0,0,0,15,31,51,31,17,21,25,1,17,12,33,145,23,3,0,182,146,26,0,0,255,0,0,0,13,11,0,0,0,0,0,185,210,0,2,0,191,128,255,255,0,88,92,0,0,0,0,0,0,0,0,0,0,0,0,0,0,0,46,218,102,183
71,4,1,89,192,4,0,0,210,0,0,139,0,6,1,0,9,129,117,253,117,253,117,253,117,253,117,253,117,253,0,0,0,46,253,40,210,124,209,124,209,186,208,216,208,232,209,117,253,3,211,93,253,89,192,14,254,240,44,0,4,4,0,128,22,6,8,0,0,4,255,0,0,15,0,0,0,15,31,51,31,17,21,25,1,17,12,33,145,23,3,0,182,146,25,0,0,255,0,0,0,13,11,0,0,0,0,0,185,210,0,2,0,191,128,255,255,0,88,92,0,0,0,0,0,0,0,0,0,0,0,0,0,0,0,46,218,102,183
72,4,1,89,192,4,0,0,210,0,0,140,0,6,1,0,223,131,117,253,117,253,117,253,117,253,117,253,117,253,0,0,0,46,253,40,210,124,209,124,209,201,208,216,208,232,209,117,253,3,211,93,253,89,192,14,254,240,44,0,4,4,0,128,22,6,7,0,0,4,255,0,0,15,0,0,0,15,31,51,31,17,21,25,1,17,12,33,145,23,3,0,182,146,24,0,0,255,0,0,0,13,11,0,0,0,0,0,185,210,0,2,0,191,128,255,255,0,88,92,0,0,0,0,0,0,0,0,0,0,0,0,0,0,0,46,218,102,183
73,4,1,89,192,4,0,0,210,0,0,141,0,6,1,0,93,132,117,253,117,253,117,253,117,253,117,253,117,253,0,0,0,46,253,40,210,124,209,124,209,201,208,216,208,232,209,117,253,3,211,93,253,89,192,14,254,240,44,0,4,4,0,128,22,6,7,0,0,4,255,0,0,15,0,0,0,15,31,51,31,17,21,25,1,17,12,33,145,23,3,0,182,146,23,0,0,255,0,0,0,13,11,0,0,0,0,0,185,210,0,2,0,191,128,255,255,0,88,92,0,0,0,0,0,0,0,0,0,0,0,0,0,0,0,46,218,102,183
74,4,1,89,192,4,0,0,210,0,0,142,0,6,1,0,35,140,117,253,117,253,117,253,117,253,117,253,117,253,0,0,0,46,253,40,210,124,209,124,209,201,208,216,208,232,209,117,253,3,211,93,253,89,192,14,254,240,44,0,4,4,0,128,22,6,7,0,0,4,255,0,0,15,0,0,0,15,31,51,31,17,21,25,1,17,12,33,145,23,3,0,182,146,22,0,0,255,0,0,0,13,11,0,0,0,0,0,185,210,0,2,0,191,128,255,255,0,88,92,0,0,0,0,0,0,0,0,0,0,0,0,0,0,0,46,218,102,183
75,4,1,89,192,4,0,0,210,0,0,143,0,6,1,0,41,148,117,253,117,253,117,253,117,253,117,253,117,253,0,0,0,46,253,40,210,124,209,124,209,201,208,216,208,232,209,117,253,3,211,93,253,89,192,14,254,240,44,0,4,4,0,128,22,6,7,0,0,4,255,0,0,15,0,0,0,15,31,51,31,17,21,25,1,17,12,33,145,23,3,0,182,146,21,0,0,255,0,0,0,13,11,0,0,0,0,0,185,210,0,2,0,191,128,255,255,0,88,92,0,0,0,0,0,0,0,0,0,0,0,0,0,0,0,46,218,102,183
76,4,1,89,192,4,0,0,210,0,0,144,0,6,1,0,63,188,117,253,117,253,117,253,117,253,117,253,117,253,0,0,0,46,253,40,210,124,209,124,209,186,208,216,208,232,209,117,253,2,211,152,253,89,192,14,254,240,44,0,4,4,0,128,22,6,6,0,0,4,255,0,0,15,0,0,0,15,31,51,31,17,21,25,1,17,12,33,145,23,3,0,182,146,20,0,0,255,0,0,0,13,11,0,0,0,0,0,185,210,0,2,0,191,128,255,255,0,88,92,0,0,0,0,0,0,0,0,0,0,0,0,0,0,0,46,218,102,183
77,4,1,89,192,4,0,0,210,0,0,145,0,6,1,0,125,196,117,253,117,253,117,253,117,253,117,253,117,253,0,0,0,46,253,40,210,124,209,124,209,186,208,216,208,232,209,117,253,2,211,152,253,89,192,14,254,240,44,0,4,4,0,128,22,6,6,0,0,4,255,0,0,15,0,0,0,15,31,51,31,17,21,25,1,17,12,33,145,23,3,0,182,146,19,0,0,255,0,0,0,13,11,0,0,0,0,0,185,210,0,2,0,191,128,255,255,0,88,92,0,0,0,0,0,0,0,0,0,0,0,0,0,0,0,46,218,102,183
78,4,1,89,192,4,0,0,210,0,0,146,0,6,1,0,195,76,117,253,117,253,117,253,117,253,117,253,117,253,0,0,0,46,253,40,210,124,209,124,209,186,208,216,208,232,209,117,253,2,211,152,253,89,192,14,254,240,44,0,4,4,0,128,22,6,6,0,0,4,255,0,0,15,0,0,0,15,31,51,31,17,21,25,1,17,12,33,145,23,3,0,182,146,18,0,0,255,0,0,0,13,11,0,0,0,0,0,185,210,0,2,0,191,128,255,255,0,88,92,0,0,0,0,0,0,0,0,0,0,0,0,0,0,0,46,218,102,183
79,4,1,89,192,4,0,0,210,0,0,147,0,6,1,0,138,213,117,253,117,253,117,253,117,253,117,253,117,253,0,0,0,46,253,40,210,124,209,124,209,186,208,216,208,232,209,117,253,2,211,152,253,89,192,14,254,240,44,0,4,4,0,128,22,6,6,0,0,4,255,0,0,15,0,0,0,15,31,51,31,17,21,25,1,17,12,33,145,23,3,0,182,146,17,0,0,255,0,0,0,13,11,0,0,0,0,0,185,210,0,2,0,191,128,255,255,0,88,92,0,0,0,0,0,0,0,0,0,0,0,0,0,0,0,46,218,102,183
80,4,1,89,192,4,0,0,210,0,0,148,0,6,1,0,82,126,117,253,117,253,117,253,117,253,117,253,117,253,0,0,0,46,253,40,210,124,209,124,209,201,208,216,208,232,209,117,253,2,211,152,253,89,192,14,254,240,44,0,4,4,0,128,22,6,5,0,0,4,255,0,0,15,0,0,0,15,31,51,31,17,21,25,1,17,12,33,145,23,3,0,182,146,16,0,0,255,0,0,0,13,11,0,0,0,0,0,185,210,0,2,0,191,128,255,255,0,88,92,0,0,0,0,0,0,0,0,0,0,0,0,0,0,0,46,218,102,183
81,4,1,89,192,4,0,0,210,0,0,149,0,6,1,0,53,130,117,253,117,253,117,253,117,253,117,253,117,253,0,0,0,46,253,40,210,124,209,124,209,201,208,216,208,232,209,117,253,2,211,152,253,89,192,14,254,240,44,0,4,4,0,128,22,6,5,0,0,4,255,0,0,15,0,0,0,15,31,51,31,17,21,25,1,17,12,33,145,23,3,0,182,146,15,0,0,255,0,0,0,13,11,0,0,0,0,0,185,210,0,2,0,191,128,255,255,0,88,92,0,0,0,0,0,0,0,0,0,0,0,0,0,0,0,46,218,102,183
82,4,1,89,192,4,0,0,210,0,0,150,0,6,1,0,27,134,117,253,117,253,117,253,117,253,117,253,117,253,0,0,0,46,253,40,210,124,209,124,209,201,208,216,208,232,209,117,253,2,211,152,253,89,192,14,254,240,44,0,4,4,0,128,22,6,5,0,0,4,255,0,0,15,0,0,0,15,31,51,31,17,21,25,1,17,12,33,145,23,3,0,182,146,14,0,0,255,0,0,0,13,11,0,0,0,0,0,185,210,0,2,0,191,128,255,255,0,88,92,0,0,0,0,0,0,0,0,0,0,0,0,0,0,0,46,218,102,183
83,4,1,89,192,4,0,0,210,0,0,151,0,6,1,0,225,138,117,253,117,253,117,253,117,253,117,253,117,253,0,0,0,46,253,40,210,124,209,124,209,201,208,216,208,232,209,117,253,2,211,152,253,89,192,14,254,240,44,0,4,4,0,128,22,6,5,0,0,4,255,0,0,15,0,0,0,15,31,51,31,17,21,25,1,17,12,33,145,23,3,0,182,146,13,0,0,255,0,0,0,13,11,0,0,0,0,0,185,210,0,2,0,191,128,255,255,0,88,92,0,0,0,0,0,0,0,0,0,0,0,0,0,0,0,46,218,102,183
84,4,1,89,192,4,0,0,210,0,0,152,0,6,1,0,103,159,117,253,117,253,117,253,117,253,117,253,117,253,0,0,0,46,253,40,210,124,209,124,209,186,208,216,208,232,209,117,253,1,211,93,253,89,192,14,254,240,44,0,4,4,0,128,22,6,4,0,0,4,255,0,0,15,0,0,0,15,31,51,31,17,21,25,1,17,12,33,145,23,3,0,182,146,12,0,0,255,0,0,0,13,11,0,0,0,0,0,185,210,0,2,0,191,128,255,255,0,88,92,0,0,0,0,0,0,0,0,0,0,0,0,0,0,0,46,218,102,183
85,4,1,89,192,4,0,0,210,0,0,153,0,6,1,0,245,161,117,253,117,253,117,253,117,253,117,253,117,253,0,0,0,46,253,40,210,124,209,124,209,186,208,216,208,232,209,117,253,1,211,93,253,89,192,14,254,240,44,0,4,4,0,128,22,6,4,0,0,4,255,0,0,15,0,0,0,15,31,51,31,17,21,25,1,17,12,33,145,23,3,0,182,146,11,0,0,255,0,0,0,13,11,0,0,0,0,0,185,210,0,2,0,191,128,255,255,0,88,92,0,0,0,0,0,0,0,0,0,0,0,0,0,0,0,46,218,102,183
86,4,1,89,192,4,0,0,210,0,0,154,0,6,1,0,91,226,117,253,117,253,117,253,117,253,117,253,117,253,0,0,0,46,253,40,210,124,209,124,209,186,208,216,208,232,209,117,253,1,211,93,253,89,192,14,254,240,44,0,4,4,0,128,22,6,4,0,0,4,255,0,0,15,0,0,0,15,31,51,31,17,21,25,1,17,12,33,145,23,3,0,182,146,10,0,0,255,0,0,0,13,11,0,0,0,0,0,185,210,0,2,0,191,128,255,255,0,88,92,0,0,0,0,0,0,0,0,0,0,0,0,0,0,0,46,218,102,183
87,4,1,89,192,4,0,0,210,0,0,155,0,6,1,0,33,38,117,253,117,253,117,253,117,253,117,253,117,253,0,0,0,46,253,40,210,124,209,124,209,186,208,216,208,232,209,117,253,1,211,93,253,89,192,14,254,240,44,0,4,4,0,128,22,6,4,0,0,4,255,0,0,15,0,0,0,15,31,51,31,17,21,25,1,17,12,33,145,23,3,0,182,146,9,0,0,255,0,0,0,13,11,0,0,0,0,0,185,210,0,2,0,191,128,255,255,0,88,92,0,0,0,0,0,0,0,0,0,0,0,0,0,0,0,46,218,102,183
88,4,1,89,192,4,0,0,210,0,0,156,0,6,1,0,36,106,117,253,117,253,117,253,117,253,117,253,117,253,0,0,0,46,253,40,210,124,209,124,209,201,208,216,208,232,209,117,253,1,211,93,253,89,192,14,254,240,44,0,4,4,0,128,22,6,3,0,0,4,255,0,0,15,0,0,0,15,31,51,31,17,21,25,1,17,12,33,145,23,3,0,182,146,8,0,0,255,0,0,0,13,11,0,0,0,0,0,185,210,0,2,0,191,128,255,255,0,88,92,0,0,0,0,0,0,0,0,0,0,0,0,0,0,0,46,218,102,183
89,4,1,89,192,4,0,0,210,0,0,157,0,6,1,0,47,190,117,253,117,253,117,253,117,253,117,253,117,253,0,0,0,46,253,40,210,124,209,124,209,201,208,216,208,232,209,117,253,1,211,93,253,89,192,14,254,240,44,0,4,4,0,128,22,6,3,0,0,4,255,0,0,15,0,0,0,15,31,51,31,17,21,25,1,17,12,33,145,23,3,0,182,146,7,0,0,255,0,0,0,13,11,0,0,0,0,0,185,210,0,2,0,191,128,255,255,0,88,92,0,0,0,0,0,0,0,0,0,0,0,0,0,0,0,46,218,102,183
90,4,1,89,192,4,0,0,210,0,0,158,0,6,1,0,13,194,117,253,117,253,117,253,117,253,117,253,117,253,0,0,0,46,253,40,210,124,209,124,209,201,208,216,208,232,209,117,253,1,211,93,253,89,192,14,254,240,44,0,4,4,0,128,22,6,3,0,0,4,255,0,0,15,0,0,0,15,31,51,31,17,21,25,1,17,12,33,145,23,3,0,182,146,6,0,0,255,0,0,0,13,11,0,0,0,0,0,185,210,0,2,0,191,128,255,255,0,88,92,0,0,0,0,0,0,0,0,0,0,0,0,0,0,0,46,218,102,183
91,4,1,89,192,4,0,0,210,0,0,159,0,6,1,0,211,70,117,253,117,253,117,253,117,253,117,253,117,253,0,0,0,46,253,40,210,124,209,124,209,201,208,216,208,232,209,117,253,1,211,93,253,89,192,14,254,240,44,0,4,4,0,128,22,6,3,0,0,4,255,0,0,15,0,0,0,15,31,51,31,17,21,25,1,17,12,33,145,23,3,0,182,146,5,0,0,255,0,0,0,13,11,0,0,0,0,0,185,210,0,2,0,191,128,255,255,0,88,92,0,0,0,0,0,0,0,0,0,0,0,0,0,0,0,46,218,102,183
92,4,1,89,192,4,0,0,210,0,0,160,0,6,1,0,186,203,117,253,117,253,117,253,117,253,117,253,117,253,0,0,0,46,253,40,210,124,209,124,209,186,208,216,208,232,209,117,253,4,211,152,253,89,192,14,254,240,44,0,4,4,0,128,22,6,2,0,0,4,255,0,0,15,0,0,0,15,31,51,31,17,21,25,1,17,12,33,145,23,3,0,182,146,4,0,0,255,0,0,0,13,11,0,0,0,0,0,185,210,0,2,0,191,128,255,255,0,88,92,0,0,0,0,0,0,0,0,0,0,0,0,0,0,0,46,218,102,183
93,4,1,89,192,4,0,0,210,0,0,161,0,6,1,0,130,92,117,253,117,253,117,253,117,253,117,253,117,253,0,0,0,46,253,40,210,124,209,124,209,186,208,216,208,232,209,117,253,4,211,152,253,89,192,14,254,240,44,0,4,4,0,128,22,6,2,0,0,4,255,0,0,15,0,0,0,15,31,51,31,17,21,25,1,17,12,33,145,23,3,0,182,146,3,0,0,255,0,0,0,13,11,0,0,0,0,0,185,210,0,2,0,191,128,255,255,0,88,92,0,0,0,0,0,0,0,0,0,0,0,0,0,0,0,46,218,102,183
94,4,1,89,192,4,0,0,210,0,0,162,0,6,1,0,69,229,117,253,117,253,117,253,117,253,117,253,117,253,0,0,0,46,253,40,210,124,209,124,209,186,208,216,208,232,209,117,253,4,211,152,253,89,192,14,254,240,44,0,4,4,0,128,22,6,2,0,0,4,255,0,0,15,0,0,0,15,31,51,31,17,21,25,1,17,12,33,145,23,3,0,182,146,2,0,0,255,0,0,0,13,11,0,0,0,0,0,185,210,0,2,0,191,128,255,255,0,88,92,0,0,0,0,0,0,0,0,0,0,0,0,0,0,0,46,218,102,183
95,4,1,89,192,4,0,0,210,0,0,163,0,6,1,0,11,47,117,253,117,253,117,253,117,253,117,253,117,253,0,0,0,46,253,40,210,124,209,124,209,186,208,216,208,232,209,117,253,4,211,152,253,89,192,14,254,240,44,0,4,4,0,128,22,6,2,0,0,4,255,0,0,15,0,0,0,15,31,51,31,17,21,25,1,17,12,33,145,23,3,0,182,146,1,0,0,255,0,0,0,13,11,0,0,0,0,0,185,210,0,2,0,191,128,255,255,0,88,92,0,0,0,0,0,0,0,0,0,0,0,0,0,0,0,46,218,102,183
96,4,1,89,192,4,0,0,210,0,0,164,0,6,1,0,210,113,117,253,117,253,117,253,117,253,117,253,117,253,0,0,0,46,253,40,210,124,209,124,209,201,208,216,208,100,209,107,209,4,211,152,253,89,192,14,254,240,44,0,4,4,0,128,22,6,1,0,0,4,255,0,0,15,0,0,0,15,31,51,31,17,21,25,1,17,12,33,145,23,3,0,182,146,0,0,0,255,0,0,0,13,11,0,0,0,0,0,185,210,0,2,0,191,128,255,255,0,88,92,0,0,0,0,0,0,0,0,0,0,0,0,0,0,0,46,218,102,183
97,4,1,89,192,4,0,0,210,0,0,165,0,6,1,0,181,146,117,253,117,253,117,253,117,253,117,253,117,253,0,0,0,46,253,40,210,124,209,124,209,201,208,216,208,100,209,107,209,4,211,152,253,89,192,14,254,240,44,0,4,4,0,128,22,6,1,0,0,4,255,0,0,15,0,0,0,15,31,51,31,17,21,25,1,17,12,33,145,23,3,0,182,146,0,0,0,255,0,0,0,13,11,0,0,0,0,0,185,210,0,2,0,191,128,255,255,0,88,92,0,0,0,0,0,0,0,0,0,0,0,0,0,0,0,46,218,102,183
98,4,1,89,192,4,0,0,210,0,0,166,0,6,1,0,155,183,117,253,117,253,117,253,117,253,117,253,117,253,0,0,0,46,253,40,210,124,209,124,209,201,208,216,208,100,209,107,209,4,211,152,253,89,192,14,254,240,44,0,4,4,0,128,22,6,1,0,0,4,255,0,0,15,0,0,0,15,31,51,31,17,21,25,1,17,12,33,145,23,3,0,182,146,0,0,0,255,0,0,0,13,11,0,0,0,0,0,185,210,0,2,0,191,128,255,255,0,88,92,0,0,0,0,0,0,0,0,0,0,0,0,0,0,0,46,218,102,183
99,4,1,89,192,4,0,0,210,0,0,167,0,6,1,0,97,216,117,253,117,253,117,253,117,253,117,253,117,253,0,0,0,46,253,40,210,124,209,124,209,201,208,216,208,100,209,107,209,4,211,152,253,89,192,14,254,240,44,0,4,4,0,128,22,6,1,0,0,4,255,0,0,15,0,0,0,15,31,51,31,17,21,25,1,17,12,33,145,23,3,0,182,146,0,0,0,255,0,0,0,13,11,0,0,0,0,0,185,210,0,2,0,191,128,255,255,0,88,92,0,0,0,0,0,0,0,0,0,0,0,0,0,0,0,46,218,102,183
100,4,1,89,192,4,0,0,210,0,0,168,0,6,1,0,231,104,117,253,117,253,117,253,117,253,117,253,117,253,0,0,0,46,253,40,210,124,209,124,209,186,208,216,208,101,209,108,209,3,211,93,253,89,192,14,254,240,44,0,4,4,0,128,22,6,0,0,0,4,255,0,0,15,0,0,0,15,31,51,31,17,21,25,1,17,12,33,145,23,3,0,182,146,0,0,0,255,0,0,0,13,11,0,0,0,0,0,185,210,0,2,0,191,128,255,255,0,88,92,0,0,0,0,0,0,0,0,0,0,0,0,0,0,0,46,218,102,183
101,4,1,89,192,4,0,0,210,0,0,169,0,6,1,0,118,185,117,253,117,253,117,253,117,253,117,253,117,253,0,0,0,46,253,40,210,124,209,124,209,186,208,216,208,101,209,108,209,3,211,93,253,89,192,14,254,240,44,0,4,4,0,128,22,6,0,0,0,4,255,0,0,15,0,0,0,15,31,51,31,17,21,25,1,17,12,33,145,23,3,0,182,146,0,0,0,255,0,0,0,13,11,0,0,0,0,0,185,210,0,2,0,191,128,255,255,0,88,92,0,0,0,0,0,0,0,0,0,0,0,0,0,0,0,46,218,102,183
102,4,1,89,192,4,0,0,210,0,0,170,0,6,1,0,198,203,117,253,117,253,117,253,117,253,117,253,117,253,0,0,0,46,253,40,210,124,209,124,209,186,208,216,208,101,209,108,209,3,211,93,253,89,192,14,254,240,44,0,4,4,0,128,22,6,0,0,0,4,255,0,0,15,0,0,0,15,31,51,31,17,21,25,1,17,12,33,145,23,3,0,182,146,0,0,0,255,0,0,0,13,11,0,0,0,0,0,185,210,0,2,0,191,128,255,255,0,88,92,0,0,0,0,0,0,0,0,0,0,0,0,0,0,0,46,218,102,183
103,4,1,89,192,4,0,0,210,0,0,171,0,6,1,0,150,92,117,253,117,253,117,253,117,253,117,253,117,253,0,0,0,46,253,40,210,124,209,124,209,186,208,216,208,101,209,108,209,3,211,93,253,89,192,14,254,240,44,0,4,4,0,128,22,6,0,0,0,4,255,0,0,15,0,0,0,15,31,51,31,17,21,25,1,17,12,33,145,23,3,0,182,146,0,0,0,255,0,0,0,13,11,0,0,0,0,0,185,210,0,2,0,191,128,255,255,0,88,92,0,0,0,0,0,0,0,0,0,0,0,0,0,0,0,46,218,102,183
104,4,1,89,192,4,0,0,210,0,0,172,0,2,1,0,121,229,117,253,117,253,117,253,117,253,117,253,117,253,0,0,0,46,253,40,210,124,209,124,209,201,208,216,208,101,209,108,209,3,211,93,253,89,192,14,254,240,44,0,4,4,0,128,22,6,0,0,0,4,255,0,0,15,0,0,0,15,31,51,31,17,21,25,1,17,12,33,145,23,3,0,182,146,0,0,0,255,0,0,0,13,11,0,0,0,0,0,185,210,0,2,0,191,128,255,255,0,88,92,0,0,0,0,0,0,0,0,0,0,0,0,0,0,0,46,218,102,183
105,4,1,77,235,4,0,0,210,-12,43,173,0,4,1,0,207,47,117,253,117,253,117,253,117,253,117,253,117,253,0,0,0,117,253,23,210,124,209,124,209,201,208,216,208,101,209,108,209,3,211,93,253,77,235,14,254,240,58,0,4,4,0,8,8,6,0,0,0,4,255,0,0,15,0,0,0,15,31,51,31,17,21,25,1,17,12,33,145,23,3,0,182,146,0,0,0,255,0,0,0,13,11,0,0,0,0,0,185,210,0,2,0,191,128,255,255,0,88,92,0,0,0,0,0,0,0,0,0,0,0,0,0,0,0,46,218,31,177
106,4,1,76,235,4,0,0,210,-1,0,174,0,4,1,0,174,112,117,253,117,253,117,253,117,253,117,253,117,253,0,0,0,46,253,40,210,124,209,124,209,0,208,21,208,101,209,108,209,3,211,93,253,76,235,14,254,240,58,0,4,4,0,72,18,0,0,0,0,4,255,0,0,15,0,0,0,15,31,51,31,17,21,25,1,17,12,33,145,23,3,0,182,146,0,0,0,255,0,0,77,13,0,0,0,0,0,0,185,210,0,2,0,191,64,255,255,0,23,92,0,0,14,0,0,0,0,0,0,0,0,0,0,0,0,46,218,139,219
107,4,1,75,235,4,0,0,210,-1,0,175,0,4,1,0,177,145,117,253,117,253,117,253,117,253,117,253,117,253,0,0,0,46,253,40,210,124,209,124,209,42,208,21,208,101,209,108,209,3,211,93,253,75,235,14,254,240,58,0,4,4,0,72,18,1,0,0,0,4,255,0,0,15,0,0,0,15,31,51,31,17,21,25,1,17,12,33,145,23,3,0,182,146,0,0,0,255,0,0,76,19,0,0,0,0,0,0,185,210,0,2,0,191,64,255,255,0,24,92,0,0,14,0,0,0,0,0,0,0,0,0,0,0,0,46,218,139,219
108,4,1,74,235,4,0,0,210,-1,0,176,0,4,1,0,151,178,117,253,117,253,117,253,117,253,117,253,117,253,0,0,0,46,253,23,210,124,209,124,209,0,208,21,208,100,209,107,209,2,211,152,253,74,235,14,254,240,57,0,4,4,0,72,18,0,0,0,0,4,255,0,8,0,0,0,0,15,31,51,31,17,21,25,1,17,12,33,145,23,3,0,182,146,0,0,0,255,0,0,75,18,0,0,0,0,0,0,185,210,0,2,0,191,64,255,255,0,25,92,1,0,14,0,0,0,0,0,0,0,0,0,0,0,0,46,218,139,219
109,4,1,73,235,4,0,0,210,-1,0,177,0,4,1,0,101,215,117,253,117,253,117,253,117,253,117,253,117,253,0,0,0,46,253,23,210,124,209,124,209,0,208,21,208,100,209,107,209,2,211,152,253,73,235,14,254,240,57,0,4,4,0,72,18,0,0,0,0,4,255,0,8,0,0,0,0,15,31,51,31,17,21,25,1,17,12,33,145,23,3,0,182,146,0,0,0,255,0,0,74,19,0,0,0,0,0,0,185,210,0,2,0,191,64,255,255,0,25,92,0,0,14,0,0,0,0,0,0,0,0,0,0,0,0,46,218,139,219
110,0,1,73,235,4,0,0,210,0,0,178,0,4,1,0,235,121,117,253,117,253,117,253,117,253,117,253,117,253,0,0,0,46,253,23,210,124,209,124,209,0,208,21,208,100,209,107,209,2,211,152,253,73,235,14,254,240,57,0,4,4,0,72,8,0,0,0,0,4,255,0,8,0,0,0,0,15,31,51,31,17,21,25,1,17,12,33,145,23,3,0,182,146,0,0,0,255,0,0,1,19,0,0,0,0,0,0,185,210,0,2,0,255,64,255,255,0,26,92,0,0,14,0,0,0,0,0,0,0,0,0,0,0,0,46,218,139,219
111,0,1,73,235,4,0,0,210,0,0,179,0,4,1,0,114,138,117,253,117,253,117,253,117,253,117,253,117,253,0,0,0,46,253,23,210,124,209,124,209,0,208,21,208,100,209,107,209,2,211,152,253,73,235,14,254,240,57,0,4,4,0,72,8,0,0,0,0,4,255,0,8,0,0,0,0,15,31,51,31,17,21,25,1,17,12,33,145,23,3,0,182,146,0,0,0,255,0,0,1,19,0,0,0,0,0,0,185,210,0,2,0,255,64,255,255,0,27,92,2,0,14,0,0,0,0,0,0,0,0,0,0,0,0,46,218,139,219
112,0,1,73,235,4,0,0,210,0,0,180,0,4,1,0,218,158,117,253,117,253,117,253,117,253,117,253,117,253,0,0,0,46,253,23,210,124,209,124,209,0,208,21,208,100,209,107,209,2,211,152,253,73,235,14,254,240,56,0,4,4,0,72,8,0,0,0,0,4,255,0,8,0,0,0,0,15,31,51,31,17,21,25,1,17,12,33,145,23,3,0,182,146,0,0,0,255,0,0,1,19,0,0,0,0,0,0,185,210,0,2,0,255,64,255,255,0,27,92,1,0,14,0,0,0,0,0,0,0,0,0,0,0,0,46,218,139,219
113,0,1,73,235,4,0,0,210,0,0,181,0,4,1,0,162,163,117,253,117,253,117,253,117,253,117,253,117,253,0,0,0,46,253,23,210,124,209,124,209,0,208,21,208,100,209,107,209,2,211,152,253,73,235,14,254,240,56,0,4,4,0,72,8,0,0,0,0,4,255,0,8,0,0,0,0,15,31,51,31,17,21,25,1,17,12,33,145,23,3,0,182,146,0,0,0,255,0,0,1,19,0,0,0,0,0,0,185,210,0,2,0,255,64,255,255,0,27,92,0,0,14,0,0,0,0,0,0,0,0,0,0,0,0,46,218,139,219
114,0,1,73,235,4,0,0,210,0,0,182,0,4,1,0,170,228,117,253,117,253,117,253,117,253,117,253,117,253,0,0,0,46,253,23,210,124,209,124,209,0,208,21,208,100,209,107,209,2,211,152,253,73,235,14,254,240,56,0,4,4,0,72,8,0,0,0,0,4,255,0,8,0,0,0,0,15,31,51,31,17,21,25,1,17,12,33,145,23,3,0,182,146,0,0,0,255,0,0,1,19,0,0,0,0,0,0,185,210,0,2,0,255,64,255,255,0,27,92,0,0,0,0,0,0,0,0,0,0,0,0,0,0,0,46,218,139,219
115,0,1,73,235,4,0,0,210,0,0,183,0,4,1,0,178,45,117,253,117,253,117,253,117,253,117,253,117,253,0,0,0,46,253,23,210,124,209,124,209,0,208,21,208,100,209,107,209,2,211,152,253,73,235,14,254,240,56,0,4,4,0,72,8,0,0,0,0,4,255,0,8,0,0,0,0,15,31,51,31,17,21,25,1,17,12,33,145,23,3,0,182,146,0,0,0,255,0,0,1,19,0,0,0,0,0,0,185,210,0,2,0,255,64,255,255,0,27,92,0,0,0,0,0,0,0,0,0,0,0,0,0,0,0,46,218,139,219
116,0,1,73,235,4,0,0,210,0,0,184,0,4,1,0,149,118,117,253,117,253,117,253,117,253,117,253,117,253,0,0,0,46,253,40,210,124,209,124,209,0,208,21,208,101,209,108,209,1,211,93,253,73,235,14,254,240,55,0,4,4,0,72,8,0,0,0,0,4,255,0,8,1,0,0,0,15,31,51,31,17,21,25,1,17,12,33,145,23,3,0,182,146,0,0,0,255,0,0,1,19,0,0,0,0,0,0,185,210,0,2,0,255,64,255,255,0,27,92,0,0,0,0,0,0,0,0,0,0,0,0,0,0,0,46,218,139,219
117,0,1,73,235,4,0,0,210,0,0,185,0,4,1,0,120,155,117,253,117,253,117,253,117,253,117,253,117,253,0,0,0,46,253,40,210,124,209,124,209,0,208,21,208,101,209,108,209,1,211,93,253,73,235,14,254,240,55,0,4,4,0,72,8,0,0,0,0,4,255,0,8,1,0,0,0,15,31,51,31,17,21,25,1,17,12,33,145,23,3,0,182,146,0,0,0,255,0,0,1,19,0,0,0,0,0,0,185,210,0,2,0,255,64,255,255,0,27,92,0,0,0,0,0,0,0,0,0,0,0,0,0,0,0,46,218,139,219
118,0,1,73,235,4,0,0,210,0,0,186,0,4,1,0,204,173,117,253,117,253,117,253,117,253,117,253,117,253,0,0,0,46,253,40,210,124,209,124,209,0,208,21,208,101,209,108,209,1,211,93,253,73,235,14,254,240,55,0,4,4,0,72,8,0,0,0,0,4,255,0,8,1,0,0,0,15,31,51,31,17,21,25,1,17,12,33,145,23,3,0,182,146,0,0,0,255,0,0,1,19,0,0,0,0,0,0,185,210,0,2,0,255,64,255,255,0,27,92,0,0,0,0,0,0,0,0,0,0,0,0,0,0,0,46,218,139,219
119,0,1,73,235,4,0,0,210,0,0,187,0,4,1,0,144,246,117,253,117,253,117,253,117,253,117,253,117,253,0,0,0,46,253,40,210,124,209,124,209,0,208,21,208,101,209,108,209,1,211,93,253,73,235,14,254,240,55,0,4,4,0,72,8,0,0,0,0,4,255,0,8,1,0,0,0,15,31,51,31,17,21,25,1,17,12,33,145,23,3,0,182,146,0,0,0,255,0,0,1,19,0,0,0,0,0,0,185,210,0,2,0,255,64,255,255,0,27,92,0,0,0,0,0,0,0,0,0,0,0,0,0,0,0,46,218,139,219
120,10,1,73,235,4,0,0,210,0,0,188,0,4,1,0,116,27,117,253,117,253,117,253,117,253,117,253,117,253,0,0,0,46,253,40,210,124,209,124,209,0,208,21,208,101,209,108,209,1,211,93,253,73,235,14,254,240,54,0,4,4,0,72,6,0,0,255,0,4,255,0,8,1,0,0,0,15,31,51,31,17,21,25,1,17,12,33,145,23,3,0,182,146,0,0,0,19,0,0,1,19,0,0,0,0,0,0,185,210,0,2,0,239,64,255,255,0,49,92,0,0,28,0,0,0,0,0,0,0,0,0,0,0,0,46,218,139,219
121,0,1,73,238,4,0,0,210,0,3,189,0,4,1,0,223,45,117,253,117,253,117,253,117,253,117,253,117,253,0,0,0,46,253,40,210,124,209,124,209,165,208,21,208,101,209,108,209,1,211,93,253,73,238,14,254,240,54,0,4,4,0,72,6,0,0,255,0,4,255,0,8,1,0,0,0,15,31,51,31,17,21,25,1,17,12,33,145,23,3,0,182,146,0,0,0,18,0,0,1,19,0,0,0,0,0,0,185,210,0,2,0,255,64,255,255,0,50,92,0,0,28,0,0,0,0,0,0,0,0,0,0,0,0,46,218,139,219
122,0,1,73,241,4,0,0,210,0,3,190,0,4,1,0,94,118,117,253,117,253,117,253,117,253,117,253,117,253,0,0,0,46,253,40,210,124,209,124,209,165,208,21,208,101,209,108,209,1,211,93,253,73,241,14,254,240,54,0,4,4,0,72,6,0,0,255,0,4,255,0,8,1,0,0,0,15,31,51,31,17,21,25,1,17,12,33,145,23,3,0,182,146,0,0,0,17,0,0,1,19,0,0,0,0,0,0,185,210,0,2,0,255,64,255,255,0,51,92,0,0,28,0,0,0,0,0,0,0,0,0,0,0,0,46,218,139,219
123,0,1,73,244,4,0,0,210,0,3,191,0,4,1,0,33,154,117,253,117,253,117,253,117,253,117,253,117,253,0,0,0,46,253,40,210,124,209,124,209,165,208,21,208,101,209,108,209,1,211,93,253,73,244,14,254,240,54,0,4,4,0,72,6,0,0,255,0,4,255,0,8,1,0,0,0,15,31,51,31,17,21,25,1,17,12,33,145,23,3,0,182,146,0,0,0,16,0,0,1,19,0,0,0,0,0,0,185,210,0,2,0,255,64,255,255,0,52,92,0,0,28,0,0,0,0,0,0,0,0,0,0,0,0,46,218,139,219
124,0,1,73,246,4,0,0,210,0,2,192,0,4,1,0,39,174,117,253,117,253,117,253,117,253,117,253,117,253,0,0,0,46,253,56,210,124,209,124,209,165,208,21,208,100,209,107,209,4,211,152,253,73,246,14,254,240,53,0,4,4,0,72,6,0,0,255,0,4,255,0,8,2,0,0,0,15,31,51,31,17,21,25,1,17,12,33,145,23,3,0,182,146,0,0,0,15,0,0,1,19,0,0,0,0,0,0,185,210,0,2,0,255,64,255,255,0,53,92,0,0,28,0,0,0,0,0,0,0,0,0,0,0,0,46,218,139,219
125,0,1,73,248,4,0,0,210,0,2,193,0,4,1,0,53,242,117,253,117,253,117,253,117,253,117,253,117,253,0,0,0,46,253,56,210,124,209,124,209,165,208,21,208,100,209,107,209,4,211,152,253,73,248,14,254,240,53,0,4,4,0,72,6,0,0,255,0,4,255,0,8,2,0,0,0,15,31,51,31,17,21,25,1,17,12,33,145,23,3,0,182,146,0,0,0,14,0,0,1,19,0,0,0,0,0,0,185,210,0,2,0,255,64,255,255,0,54,92,0,0,28,0,0,0,0,0,0,0,0,0,0,0,0,46,218,139,219
126,0,1,73,250,4,0,0,210,0,2,194,0,4,1,0,27,22,117,253,117,253,117,253,117,253,117,253,117,253,0,0,0,46,253,56,210,124,209,124,209,165,208,21,208,100,209,107,209,4,211,152,253,73,250,14,254,240,53,0,4,4,0,72,6,0,0,255,0,4,255,0,8,2,0,0,0,15,31,51,31,17,21,25,1,17,12,33,145,23,3,0,182,146,0,0,0,13,0,0,1,19,0,0,0,0,0,0,185,210,0,2,0,255,64,255,255,0,55,92,0,0,28,0,0,0,0,0,0,0,0,0,0,0,0,46,218,139,219
127,0,1,73,251,4,0,0,210,0,1,195,0,4,1,0,226,58,117,253,117,253,117,253,117,253,117,253,117,253,0,0,0,46,253,56,210,124,209,124,209,165,208,21,208,100,209,107,209,4,211,152,253,73,251,14,254,240,53,0,4,4,0,72,6,0,0,255,0,4,255,0,8,2,0,0,0,15,31,51,31,17,21,25,1,17,12,33,145,23,3,0,182,146,0,0,0,12,0,0,1,19,0,0,0,0,0,0,185,210,0,2,0,255,64,255,255,0,56,92,0,0,28,0,0,0,0,0,0,0,0,0,0,0,0,46,218,139,219
128,0,1,73,252,4,0,0,210,0,1,196,0,4,1,0,101,79,117,253,117,253,117,253,117,253,117,253,117,253,0,0,0,46,253,56,210,124,209,124,209,165,208,21,208,100,209,107,209,4,211,152,253,73,252,14,254,240,52,0,4,4,0,72,6,0,0,255,0,4,255,0,8,2,0,0,0,15,31,51,31,17,21,25,1,17,12,33,145,23,3,0,182,146,0,0,0,11,0,0,1,19,0,0,0,0,0,0,185,210,0,2,0,255,64,255,255,0,57,92,0,0,28,0,0,0,0,0,0,0,0,0,0,0,0,46,218,139,219
129,0,1,73,252,4,0,0,210,0,0,197,0,4,1,0,232,209,117,253,117,253,117,253,117,253,117,253,117,253,0,0,0,46,253,56,210,124,209,124,209,165,208,21,208,100,209,107,209,4,211,152,253,73,252,14,254,240,52,0,4,4,0,72,6,0,0,255,0,4,255,0,8,2,0,0,0,15,31,51,31,17,21,25,1,17,12,33,145,23,3,0,182,146,0,0,0,10,0,0,1,19,0,0,0,0,0,0,185,210,0,2,0,255,64,255,255,0,57,92,0,0,0,0,0,0,0,0,0,0,0,0,0,0,0,46,218,139,219
130,0,1,73,252,4,0,0,210,0,0,198,0,4,1,0,124,114,117,253,117,253,117,253,117,253,117,253,117,253,0,0,0,46,253,56,210,124,209,124,209,165,208,21,208,100,209,107,209,4,211,152,253,73,252,14,254,240,52,0,4,4,0,72,6,0,0,255,0,4,255,0,8,2,0,0,0,15,31,51,31,17,21,25,1,17,12,33,145,23,3,0,182,146,0,0,0,9,0,0,1,19,0,0,0,0,0,0,185,210,0,2,0,255,64,255,255,0,57,92,0,0,0,0,0,0,0,0,0,0,0,0,0,0,0,46,218,139,219
131,0,1,73,252,4,0,0,210,0,0,199,0,4,1,0,199,150,117,253,117,253,117,253,117,253,117,253,117,253,0,0,0,46,253,56,210,124,209,124,209,165,208,21,208,100,209,107,209,4,211,152,253,73,252,14,254,240,52,0,4,4,0,72,6,0,0,255,0,4,255,0,8,2,0,0,0,15,31,51,31,17,21,25,1,17,12,33,145,23,3,0,182,146,0,0,0,8,0,0,1,19,0,0,0,0,0,0,185,210,0,2,0,255,64,255,255,0,57,92,0,0,0,0,0,0,0,0,0,0,0,0,0,0,0,46,218,139,219
132,0,1,73,252,4,0,0,210,0,0,200,0,4,1,0,149,187,117,253,117,253,117,253,117,253,117,253,117,253,0,0,0,46,253,68,210,124,209,124,209,165,208,21,208,101,209,108,209,3,211,93,253,73,252,14,254,240,51,0,4,4,0,72,6,0,0,255,0,4,255,0,8,3,0,0,0,15,31,51,31,17,21,25,1,17,12,33,145,23,3,0,182,146,0,0,0,7,0,0,1,19,0,0,0,0,0,0,185,210,0,2,0,255,64,255,255,0,57,92,0,0,0,0,0,0,0,0,0,0,0,0,0,0,0,46,218,139,219
133,0,1,73,251,4,0,0,210,0,-1,201,0,4,1,0,123,204,117,253,117,253,117,253,117,253,117,253,117,253,0,0,0,46,253,68,210,124,209,124,209,165,208,21,208,101,209,108,209,3,211,93,253,73,251,14,254,240,51,0,4,4,0,72,6,0,0,255,0,4,255,0,8,3,0,0,0,15,31,51,31,17,21,25,1,17,12,33,145,23,3,0,182,146,0,0,0,6,0,0,1,19,0,0,0,0,0,0,185,210,0,2,0,255,64,255,255,0,57,92,0,0,0,0,0,0,0,0,0,0,0,0,0,0,0,46,218,139,219
134,0,1,73,250,4,0,0,210,0,-1,202,0,4,1,0,193,84,117,253,117,253,117,253,117,253,117,253,117,253,0,0,0,46,253,68,210,124,209,124,209,165,208,21,208,101,209,108,209,3,211,93,253,73,250,14,254,240,51,0,4,4,0,72,6,0,0,255,0,4,255,0,8,3,0,0,0,15,31,51,31,17,21,25,1,17,12,33,145,23,3,0,182,146,0,0,0,5,0,0,1,19,0,0,0,0,0,0,185,210,0,2,0,255,64,255,255,0,57,92,0,0,0,0,0,0,0,0,0,0,0,0,0,0,0,46,218,139,219
135,0,1,73,248,4,0,0,210,0,-2,203,0,4,1,0,132,253,117,253,117,253,117,253,117,253,117,253,117,253,0,0,0,46,253,68,210,124,209,124,209,165,208,21,208,101,209,108,209,3,211,93,253,73,248,14,254,240,51,0,4,4,0,72,6,0,0,255,0,4,255,0,8,3,0,0,0,15,31,51,31,17,21,25,1,17,12,33,145,23,3,0,182,146,0,0,0,4,0,0,1,19,0,0,0,0,0,0,185,210,0,2,0,255,64,255,255,0,57,92,0,0,0,0,0,0,0,0,0,0,0,0,0,0,0,46,218,139,219
136,0,1,73,246,4,0,0,210,0,-2,204,0,4,1,0,72,6,117,253,117,253,117,253,117,253,117,253,117,253,0,0,0,46,253,68,210,124,209,124,209,165,208,21,208,101,209,108,209,3,211,93,253,73,246,14,254,240,50,0,4,4,0,72,6,0,0,255,0,4,255,0,8,3,0,0,0,15,31,51,31,17,21,25,1,17,12,33,145,23,3,0,182,146,0,0,0,3,0,0,1,19,0,0,0,0,0,0,185,210,0,2,0,255,64,255,255,0,57,92,0,0,0,0,0,0,0,0,0,0,0,0,0,0,0,46,218,139,219
137,0,1,73,244,4,0,0,210,0,-2,205,0,4,1,0,27,10,117,253,117,253,117,253,117,253,117,253,117,253,0,0,0,46,253,68,210,124,209,124,209,165,208,21,208,101,209,108,209,3,211,93,253,73,244,14,254,240,50,0,4,4,0,72,6,0,0,255,0,4,255,0,8,3,0,0,0,15,31,51,31,17,21,25,1,17,12,33,145,23,3,0,182,146,0,0,0,2,0,0,1,19,0,0,0,0,0,0,185,210,0,2,0,255,64,255,255,0,57,92,0,0,0,0,0,0,0,0,0,0,0,0,0,0,0,46,218,139,219
138,0,1,73,241,4,0,0,210,0,-3,206,0,4,1,0,226,30,117,253,117,253,117,253,117,253,117,253,117,253,0,0,0,46,253,68,210,124,209,124,209,165,208,21,208,101,209,108,209,3,211,93,253,73,241,14,254,240,50,0,4,4,0,72,6,0,0,255,0,4,255,0,8,3,0,0,0,15,31,51,31,17,21,25,1,17,12,33,145,23,3,0,182,146,0,0,0,1,0,0,1,19,0,0,0,0,0,0,185,210,0,2,0,255,64,255,255,0,57,92,0,0,0,0,0,0,0,0,0,0,0,0,0,0,0,46,218,139,219
139,0,1,73,238,4,0,0,210,0,-3,207,0,4,1,0,101,35,117,253,117,253,117,253,117,253,117,253,117,253,0,0,0,46,253,68,210,124,209,124,209,165,208,21,208,101,209,108,209,3,211,93,253,73,238,14,254,240,50,0,4,4,0,72,6,0,0,255,0,4,255,0,8,3,0,0,0,15,31,51,31,17,21,25,1,17,12,33,145,23,3,0,182,146,0,0,0,0,0,0,1,19,0,0,0,0,0,0,185,210,0,2,0,255,64,255,255,0,57,92,0,0,0,0,0,0,0,0,0,0,0,0,0,0,0,46,218,139,219
140,0,1,73,235,4,0,0,210,0,-3,208,0,4,1,0,232,101,117,253,117,253,117,253,117,253,117,253,117,253,0,0,0,46,253,80,210,124,209,124,209,165,208,21,208,100,209,107,209,2,211,152,253,73,235,14,254,240,49,0,4,4,0,72,8,0,0,255,0,4,255,0,8,4,0,0,0,15,31,51,31,17,21,25,1,17,12,33,145,23,3,0,182,146,0,0,0,255,0,0,1,19,10,0,0,0,0,0,185,210,0,2,0,255,64,255,255,0,57,92,0,0,0,0,0,0,0,0,0,0,0,0,0,0,0,46,218,139,219
141,0,1,73,235,4,0,0,210,0,0,209,0,4,1,0,123,174,117,253,117,253,117,253,117,253,117,253,117,253,0,0,0,46,253,80,210,124,209,124,209,0,208,21,208,100,209,107,209,2,211,152,253,73,235,14,254,240,49,0,4,4,0,72,8,0,0,0,0,4,255,0,8,4,0,0,0,15,31,51,31,17,21,25,1,17,12,33,145,23,3,0,182,146,0,0,0,255,0,0,1,19,0,0,0,0,0,0,185,210,0,2,0,255,64,255,255,0,57,92,0,0,0,0,0,0,0,0,0,0,0,0,0,0,0,46,218,139,219
142,0,1,73,235,4,0,0,210,0,0,210,0,4,1,0,193,242,117,253,117,253,117,253,117,253,117,253,117,253,0,0,0,46,253,80,210,124,209,124,209,0,208,21,208,100,209,107,209,2,211,152,253,73,235,14,254,240,49,0,4,4,0,72,8,0,0,0,0,4,255,0,8,4,0,0,0,15,31,51,31,17,21,25,1,17,12,33,145,23,3,0,182,146,0,0,0,255,0,0,1,19,0,0,0,0,0,0,185,210,0,2,0,255,64,255,255,0,57,92,0,0,0,0,0,0,0,0,0,0,0,0,0,0,0,46,218,139,219
143,0,1,73,235,4,0,0,210,0,0,211,0,4,1,0,135,23,117,253,117,253,117,253,117,253,117,253,117,253,0,0,0,46,253,80,210,124,209,124,209,0,208,21,208,100,209,107,209,2,211,152,253,73,235,14,254,240,49,0,4,4,0,72,8,0,0,0,0,4,255,0,8,4,0,0,0,15,31,51,31,17,21,25,1,17,12,33,145,23,3,0,182,146,0,0,0,255,0,0,1,19,0,0,0,0,0,0,185,210,0,2,0,255,64,255,255,0,57,92,0,0,0,0,0,0,0,0,0,0,0,0,0,0,0,46,218,139,219
144,0,1,73,235,4,0,0,210,0,0,212,0,4,1,0,86,56,117,253,117,253,117,253,117,253,117,253,117,253,0,0,0,46,253,80,210,124,209,124,209,0,208,21,208,100,209,107,209,2,211,152,253,73,235,14,254,240,48,0,4,4,0,72,8,0,0,0,0,4,255,0,8,4,0,0,0,15,31,51,31,17,21,25,1,17,12,33,145,23,3,0,182,146,0,0,0,255,0,0,1,19,0,0,0,0,0,0,185,210,0,2,0,255,64,255,255,0,57,92,0,0,0,0,0,0,0,0,0,0,0,0,0,0,0,46,218,139,219
145,0,1,73,235,4,0,0,210,0,0,213,0,4,1,0,57,72,117,253,117,253,117,253,117,253,117,253,117,253,0,0,0,46,253,80,210,124,209,124,209,0,208,21,208,100,209,107,209,2,211,152,253,73,235,14,254,240,48,0,4,4,0,72,8,0,0,0,0,4,255,0,8,4,0,0,0,15,31,51,31,17,21,25,1,17,12,33,145,23,3,0,182,146,0,0,0,255,0,0,1,19,0,0,0,0,0,0,185,210,0,2,0,255,64,255,255,0,57,92,0,0,0,0,0,0,0,0,0,0,0,0,0,0,0,46,218,139,219
146,0,1,73,235,4,0,0,210,0,0,214,0,4,1,0,12,216,117,253,117,253,117,253,117,253,117,253,117,253,0,0,0,46,253,80,210,124,209,124,209,0,208,21,208,100,209,107,209,2,211,152,253,73,235,14,254,240,48,0,4,4,0,72,8,0,0,0,0,4,255,0,8,4,0,0,0,15,31,51,31,17,21,25,1,17,12,33,145,23,3,0,182,146,0,0,0,255,0,0,1,19,0,0,0,0,0,0,185,210,0,2,0,255,64,255,255,0,57,92,0,0,0,0,0,0,0,0,0,0,0,0,0,0,0,46,218,139,219
147,0,1,73,235,4,0,0,210,0,0,215,0,4,1,0,208,104,117,253,117,253,117,253,117,253,117,253,117,253,0,0,0,46,253,80,210,124,209,124,209,0,208,21,208,100,209,107,209,2,211,152,253,73,235,14,254,240,48,0,4,4,0,72,8,0,0,0,0,4,255,0,8,4,0,0,0,15,31,51,31,17,21,25,1,17,12,33,145,23,3,0,182,146,0,0,0,255,0,0,1,19,0,0,0,0,0,0,185,210,0,2,0,255,64,255,255,0,57,92,0,0,0,0,0,0,0,0,0,0,0,0,0,0,0,46,218,139,219
148,0,1,73,235,4,0,0,210,0,0,216,0,4,1,0,179,185,117,253,117,253,117,253,117,253,117,253,117,253,0,0,0,46,253,92,210,124,209,124,209,0,208,21,208,101,209,108,209,1,211,93,253,73,235,14,254,240,47,0,4,4,0,72,8,0,0,0,0,4,255,0,8,5,0,0,0,15,31,51,31,17,21,25,1,17,12,33,145,23,3,0,182,146,0,0,0,255,0,0,1,19,0,0,0,0,0,0,185,210,0,2,0,255,64,255,255,0,57,92,0,0,0,0,0,0,0,0,0,0,0,0,0,0,0,46,218,139,219
149,0,1,73,235,4,0,0,210,0,0,217,0,4,1,0,153,202,117,253,117,253,117,253,117,253,117,253,117,253,0,0,0,46,253,92,210,124,209,124,209,0,208,21,208,101,209,108,209,1,211,93,253,73,235,14,254,240,47,0,4,4,0,72,8,0,0,0,0,4,255,0,8,5,0,0,0,15,31,51,31,17,21,25,1,17,12,33,145,23,3,0,182,146,0,0,0,255,0,0,1,19,0,0,0,0,0,0,185,210,0,2,0,255,64,255,255,0,57,92,0,0,0,0,0,0,0,0,0,0,0,0,0,0,0,46,218,139,219
150,0,1,73,235,4,0,0,210,0,0,218,0,4,1,0,111,95,117,253,117,253,117,253,117,253,117,253,117,253,0,0,0,46,253,92,210,124,209,124,209,0,208,21,208,101,209,108,209,1,211,93,253,73,235,14,254,240,47,0,4,4,0,72,8,0,0,0,0,4,255,0,8,5,0,0,0,15,31,51,31,17,21,25,1,17,12,33,145,23,3,0,182,146,0,0,0,255,0,0,1,19,0,0,0,0,0,0,185,210,0,2,0,255,64,255,255,0,57,92,0,0,0,0,0,0,0,0,0,0,0,0,0,0,0,46,218,139,219
151,0,1,73,235,4,0,0,210,0,0,219,0,4,1,0,206,225,117,253,117,253,117,253,117,253,117,253,117,253,0,0,0,46,253,92,210,124,209,124,209,0,208,21,208,101,209,108,209,1,211,93,253,73,235,14,254,240,47,0,4,4,0,72,8,0,0,0,0,4,255,0,8,5,0,0,0,15,31,51,31,17,21,25,1,17,12,33,145,23,3,0,182,146,0,0,0,255,0,0,1,19,0,0,0,0,0,0,185,210,0,2,0,255,64,255,255,0,57,92,0,0,0,0,0,0,0,0,0,0,0,0,0,0,0,46,218,139,219
152,0,1,73,235,4,0,0,210,0,0,220,0,4,1,0,174,34,117,253,117,253,117,253,117,253,117,253,117,253,0,0,0,46,253,92,210,124,209,124,209,0,208,21,208,101,209,108,209,1,211,93,253,73,235,14,254,240,46,0,4,4,0,72,8,0,0,0,0,4,255,0,8,5,0,0,0,15,31,51,31,17,21,25,1,17,12,33,145,23,3,0,182,146,0,0,0,255,0,0,1,19,0,0,0,0,0,0,185,210,0,2,0,255,64,255,255,0,57,92,0,0,0,0,0,0,0,0,0,0,0,0,0,0,0,46,218,139,219
153,0,1,73,235,4,0,0,210,0,0,221,0,4,1,0,177,103,117,253,117,253,117,253,117,253,117,253,117,253,0,0,0,46,253,92,210,124,209,124,209,0,208,21,208,101,209,108,209,1,211,93,253,73,235,14,254,240,46,0,4,4,0,72,8,0,0,0,0,4,255,0,8,5,0,0,0,15,31,51,31,17,21,25,1,17,12,33,145,23,3,0,182,146,0,0,0,255,0,0,1,19,0,0,0,0,0,0,185,210,0,2,0,255,64,255,255,0,57,92,0,0,0,0,0,0,0,0,0,0,0,0,0,0,0,46,218,139,219
154,0,1,73,235,4,0,0,210,0,0,222,0,4,1,0,148,168,117,253,117,253,117,253,117,253,117,253,117,253,0,0,0,46,253,92,210,124,209,124,209,0,208,21,208,101,209,108,209,1,211,93,253,73,235,14,254,240,46,0,4,4,0,72,8,0,0,0,0,4,255,0,8,5,0,0,0,15,31,51,31,17,21,25,1,17,12,33,145,23,3,0,182,146,0,0,0,255,0,0,1,19,0,0,0,0,0,0,185,210,0,2,0,255,64,255,255,0,57,92,0,0,0,0,0,0,0,0,0,0,0,0,0,0,0,46,218,139,219
155,0,1,73,235,4,0,0,210,0,0,223,0,4,1,0,120,249,117,253,117,253,117,253,117,253,117,253,117,253,0,0,0,46,253,92,210,124,209,124,209,0,208,21,208,101,209,108,209,1,211,93,253,73,235,14,254,240,46,0,4,4,0,72,8,0,0,0,0,4,255,0,8,5,0,0,0,15,31,51,31,17,21,25,1,17,12,33,145,23,3,0,182,146,0,0,0,255,0,0,1,19,0,0,0,0,0,0,185,210,0,2,0,255,64,255,255,0,57,92,0,0,0,0,0,0,0,0,0,0,0,0,0,0,0,46,218,139,219
156,0,1,73,235,4,0,0,210,0,0,224,0,4,1,0,204,11,117,253,117,253,117,253,117,253,117,253,117,253,0,0,0,46,253,104,210,124,209,124,209,0,208,21,208,100,209,107,209,4,211,152,253,73,235,14,254,240,45,0,4,4,0,72,8,0,0,0,0,4,255,0,8,6,0,0,0,15,31,51,31,17,21,25,1,17,12,33,145,23,3,0,182,146,0,0,0,255,0,0,1,19,0,0,0,0,0,0,185,210,0,2,0,255,64,255,255,0,57,92,0,0,0,0,0,0,0,0,0,0,0,0,0,0,0,46,218,139,219
157,0,1,73,235,4,0,0,210,0,0,225,0,4,1,0,151,28,117,253,117,253,117,253,117,253,117,253,117,253,0,0,0,46,253,104,210,124,209,124,209,0,208,21,208,100,209,107,209,4,211,152,253,73,235,14,254,240,45,0,4,4,0,72,8,0,0,0,0,4,255,0,8,6,0,0,0,15,31,51,31,17,21,25,1,17,12,33,145,23,3,0,182,146,0,0,0,255,0,0,1,19,0,0,0,0,0,0,185,210,0,2,0,255,64,255,255,0,57,92,0,0,0,0,0,0,0,0,0,0,0,0,0,0,0,46,218,139,219
158,0,1,73,235,4,0,0,210,0,0,226,0,4,1,0,102,37,117,253,117,253,117,253,117,253,117,253,117,253,0,0,0,46,253,104,210,124,209,124,209,0,208,21,208,100,209,107,209,4,211,152,253,73,235,14,254,240,45,0,4,4,0,72,8,0,0,0,0,4,255,0,8,6,0,0,0,15,31,51,31,17,21,25,1,17,12,33,145,23,3,0,182,146,0,0,0,255,0,0,1,19,0,0,0,0,0,0,185,210,0,2,0,255,64,255,255,0,57,92,0,0,0,0,0,0,0,0,0,0,0,0,0,0,0,46,218,139,219
159,0,1,73,235,4,0,0,210,0,0,227,0,4,1,0,233,111,117,253,117,253,117,253,117,253,117,253,117,253,0,0,0,46,253,104,210,124,209,124,209,0,208,21,208,100,209,107,209,4,211,152,253,73,235,14,254,240,45,0,4,4,0,72,8,0,0,0,0,4,255,0,8,6,0,0,0,15,31,51,31,17,21,25,1,17,12,33,145,23,3,0,182,146,0,0,0,255,0,0,1,19,0,0,0,0,0,0,185,210,0,2,0,255,64,255,255,0,57,92,0,0,0,0,0,0,0,0,0,0,0,0,0,0,0,46,218,139,219
160,0,1,73,235,4,0,0,210,0,0,228,0,4,1,0,124,176,117,253,117,253,117,253,117,253,117,253,117,253,0,0,0,46,253,104,210,124,209,124,209,0,208,21,208,100,209,107,209,4,211,152,253,73,235,14,254,240,44,0,4,4,0,72,8,0,0,0,0,4,255,0,8,6,0,0,0,15,31,51,31,17,21,25,1,17,12,33,145,23,3,0,182,146,0,0,0,255,0,0,1,19,0,0,0,0,0,0,185,210,0,2,0,255,64,255,255,0,57,92,0,0,0,0,0,0,0,0,0,0,0,0,0,0,0,46,218,139,219
161,0,1,73,235,4,0,0,210,0,0,229,0,4,1,0,192,208,117,253,117,253,117,253,117,253,117,253,117,253,0,0,0,46,253,104,210,124,209,124,209,0,208,21,208,100,209,107,209,4,211,152,253,73,235,14,254,240,44,0,4,4,0,72,8,0,0,0,0,4,255,0,8,6,0,0,0,15,31,51,31,17,21,25,1,17,12,33,145,23,3,0,182,146,0,0,0,255,0,0,1,19,0,0,0,0,0,0,185,210,0,2,0,255,64,255,255,0,57,92,0,0,0,0,0,0,0,0,0,0,0,0,0,0,0,46,218,139,219
162,0,1,73,235,4,0,0,210,0,0,230,0,4,1,0,132,113,117,253,117,253,117,253,117,253,117,253,117,253,0,0,0,46,253,104,210,124,209,124,209,0,208,21,208,100,209,107,209,4,211,152,253,73,235,14,254,240,44,0,4,4,0,72,8,0,0,0,0,4,255,0,8,6,0,0,0,15,31,51,31,17,21,25,1,17,12,33,145,23,3,0,182,146,0,0,0,255,0,0,1,19,0,0,0,0,0,0,185,210,0,2,0,255,64,255,255,0,57,92,0,0,0,0,0,0,0,0,0,0,0,0,0,0,0,46,218,139,219
163,0,1,73,235,4,0,0,210,0,0,231,0,4,1,0,79,146,117,253,117,253,117,253,117,253,117,253,117,253,0,0,0,46,253,104,210,124,209,124,209,0,208,21,208,100,209,107,209,4,211,152,253,73,235,14,254,240,44,0,4,4,0,72,8,0,0,0,0,4,255,0,8,6,0,0,0,15,31,51,31,17,21,25,1,17,12,33,145,23,3,0,182,146,0,0,0,255,0,0,1,19,0,0,0,0,0,0,185,210,0,2,0,255,64,255,255,0,57,92,0,0,0,0,0,0,0,0,0,0,0,0,0,0,0,46,218,139,219
164,0,1,73,235,4,0,0,210,0,0,232,0,4,1,0,45,182,117,253,117,253,117,253,117,253,117,253,117,253,0,0,0,46,253,116,210,124,209,124,209,0,208,21,208,101,209,108,209,3,211,93,253,73,235,14,254,240,43,0,4,4,0,72,8,0,0,0,0,4,255,0,8,7,0,0,0,15,31,51,31,17,21,25,1,17,12,33,145,23,3,0,182,146,0,0,0,255,0,0,1,19,0,0,0,0,0,0,185,210,0,2,0,255,64,255,255,0,57,92,0,0,0,0,0,0,0,0,0,0,0,0,0,0,0,46,218,139,219
165,0,1,73,235,4,0,0,210,0,0,233,0,4,1,0,51,218,117,253,117,253,117,253,117,253,117,253,117,253,0,0,0,46,253,116,210,124,209,124,209,0,208,21,208,101,209,108,209,3,211,93,253,73,235,14,254,240,43,0,4,4,0,72,8,0,0,0,0,4,255,0,8,7,0,0,0,15,31,51,31,17,21,25,1,17,12,33,145,23,3,0,182,146,0,0,0,255,0,0,1,19,0,0,0,0,0,0,185,210,0,2,0,255,64,255,255,0,57,92,0,0,0,0,0,0,0,0,0,0,0,0,0,0,0,46,218,139,219
166,0,1,73,235,4,0,0,210,0,0,234,0,4,1,0,25,110,117,253,117,253,117,253,117,253,117,253,117,253,0,0,0,46,253,116,210,124,209,124,209,0,208,21,208,101,209,108,209,3,211,93,253,73,235,14,254,240,43,0,4,4,0,72,8,0,0,0,0,4,255,0,8,7,0,0,0,15,31,51,31,17,21,25,1,17,12,33,145,23,3,0,182,146,0,0,0,255,0,0,1,19,0,0,0,0,0,0,185,210,0,2,0,255,64,255,255,0,57,92,0,0,0,0,0,0,0,0,0,0,0,0,0,0,0,46,218,139,219
167,0,1,73,235,4,0,0,210,0,0,235,0,4,1,0,236,178,117,253,117,253,117,253,117,253,117,253,117,253,0,0,0,46,253,116,210,124,209,124,209,0,208,21,208,101,209,108,209,3,211,93,253,73,235,14,254,240,43,0,4,4,0,72,8,0,0,0,0,4,255,0,8,7,0,0,0,15,31,51,31,17,21,25,1,17,12,33,145,23,3,0,182,146,0,0,0,255,0,0,1,19,0,0,0,0,0,0,185,210,0,2,0,255,64,255,255,0,57,92,0,0,0,0,0,0,0,0,0,0,0,0,0,0,0,46,218,139,219
168,0,1,73,235,4,0,0,210,0,0,236,0,4,1,0,112,215,117,253,117,253,117,253,117,253,117,253,117,253,0,0,0,46,253,116,210,124,209,124,209,0,208,21,208,101,209,108,209,3,211,93,253,73,235,14,254,240,42,0,4,4,0,72,8,0,0,0,0,4,255,0,8,7,0,0,0,15,31,51,31,17,21,25,1,17,12,33,145,23,3,0,182,146,0,0,0,255,0,0,1,19,0,0,0,0,0,0,185,210,0,2,0,255,64,255,255,0,57,92,0,0,0,0,0,0,0,0,0,0,0,0,0,0,0,46,218,139,219
169,0,1,73,235,4,0,0,210,0,0,237,0,4,1,0,212,121,117,253,117,253,117,253,117,253,117,253,117,253,0,0,0,46,253,116,210,124,209,124,209,0,208,21,208,101,209,108,209,3,211,93,253,73,235,14,254,240,42,0,4,4,0,72,8,0,0,0,0,4,255,0,8,7,0,0,0,15,31,51,31,17,21,25,1,17,12,33,145,23,3,0,182,146,0,0,0,255,0,0,1,19,0,0,0,0,0,0,185,210,0,2,0,255,64,255,255,0,57,92,0,0,0,0,0,0,0,0,0,0,0,0,0,0,0,46,218,139,219
170,0,1,73,235,4,0,0,210,0,0,238,0,4,1,0,191,138,117,253,117,253,117,253,117,253,117,253,117,253,0,0,0,46,253,116,210,124,209,124,209,0,208,21,208,101,209,108,209,3,211,93,253,73,235,14,254,240,42,0,4,4,0,72,8,0,0,0,0,4,255,0,8,7,0,0,0,15,31,51,31,17,21,25,1,17,12,33,145,23,3,0,182,146,0,0,0,255,0,0,1,19,0,0,0,0,0,0,185,210,0,2,0,255,64,255,255,0,57,92,0,0,0,0,0,0,0,0,0,0,0,0,0,0,0,46,218,139,219
